SMILES,InChI,SELFIES
CN(C)C(=O)c1ccc(cc1)OC,"InChI=1S/C10H13NO2/c1-11(2)10(12)8-4-6-9(13-3)7-5-8/h4-7H,1-3H3",[C][N][Branch1][C][C][C][=Branch1][C][=O][C][=C][C][=C][Branch1][Branch1][C][=C][Ring1][=Branch1][O][C]
CS(=O)(=O)Cl,"InChI=1S/CH3ClO2S/c1-5(2,3)4/h1H3",[C][S][=Branch1][C][=O][=Branch1][C][=O][Cl]
CC(C)C=C,"InChI=1S/C5H10/c1-4-5(2)3/h4-5H,1H2,2-3H3",[C][C][Branch1][C][C][C][=C]
CCc1cnccn1,"InChI=1S/C6H8N2/c1-2-6-5-7-3-4-8-6/h3-5H,2H2,1H3",[C][C][C][=C][N][=C][C][=N][Ring1][=Branch1]
CCCCCCCO,"InChI=1S/C7H16O/c1-2-3-4-5-6-7-8/h8H,2-7H2,1H3",[C][C][C][C][C][C][C][O]
Cc1cc(cc(c1)O)C,"InChI=1S/C8H10O/c1-6-3-7(2)5-8(9)4-6/h3-5,9H,1-2H3",[C][C][=C][C][=Branch1][=Branch2][=C][C][=Branch1][Ring2][=C][Ring1][=Branch1][O][C]
CC(C)C(C)C,"InChI=1S/C6H14/c1-5(2)6(3)4/h5-6H,1-4H3",[C][C][Branch1][C][C][C][Branch1][C][C][C]
CCCC(C)(C)O,"InChI=1S/C6H14O/c1-4-5-6(2,3)7/h7H,4-5H2,1-3H3",[C][C][C][C][Branch1][C][C][Branch1][C][C][O]
C[C@@H]1CCCC[C@@H]1C,"InChI=1S/C8H16/c1-7-5-3-4-6-8(7)2/h7-8H,3-6H2,1-2H3/t7-,8+",[C][C@@H1][C][C][C][C][C@@H1][Ring1][=Branch1][C]
CC[C@H](C)O,"InChI=1S/C4H10O/c1-3-4(2)5/h4-5H,3H2,1-2H3/t4-/m0/s1",[C][C][C@H1][Branch1][C][C][O]
C(Br)Br,InChI=1S/CH2Br2/c2-1-3/h1H2,[C][Branch1][C][Br][Br]
CC[C@H](C(C)C)O,"InChI=1S/C6H14O/c1-4-6(7)5(2)3/h5-7H,4H2,1-3H3/t6-/m1/s1",[C][C][C@H1][Branch1][=Branch1][C][Branch1][C][C][C][O]
CCc1ccccn1,"InChI=1S/C7H9N/c1-2-7-5-3-4-6-8-7/h3-6H,2H2,1H3",[C][C][C][=C][C][=C][C][=N][Ring1][=Branch1]
CCCCC(=O)OCC,"InChI=1S/C7H14O2/c1-3-5-6-7(8)9-4-2/h3-6H2,1-2H3",[C][C][C][C][C][=Branch1][C][=O][O][C][C]
c1ccc(cc1)S,"InChI=1S/C6H6S/c7-6-4-2-1-3-5-6/h1-5,7H",[C][=C][C][=C][Branch1][Branch1][C][=C][Ring1][=Branch1][S]
CC(=CCC/C(=C\CO)/C)C,"InChI=1S/C10H18O/c1-9(2)5-4-6-10(3)7-8-11/h5,7,11H,4,6,8H2,1-3H3/b10-7-",[C][C][=Branch1][O][=C][C][C][/C][=Branch1][Ring2][=C][\C][O][/C][C]
c1ccc2c(c1)CCC2,"InChI=1S/C9H10/c1-2-5-9-7-3-6-8(9)4-1/h1-2,4-5H,3,6-7H2",[C][=C][C][=C][C][=Branch1][Ring2][=C][Ring1][=Branch1][C][C][C][Ring1][=Branch1]
CCOc1ccccc1,"InChI=1S/C8H10O/c1-2-9-8-6-4-3-5-7-8/h3-7H,2H2,1H3",[C][C][O][C][=C][C][=C][C][=C][Ring1][=Branch1]
c1cc(ccc1O)Br,"InChI=1S/C6H5BrO/c7-5-1-3-6(8)4-2-5/h1-4,8H",[C][=C][C][=Branch1][#Branch1][=C][C][=C][Ring1][=Branch1][O][Br]
CCCC(C)(C)C,"InChI=1S/C7H16/c1-5-6-7(2,3)4/h5-6H2,1-4H3",[C][C][C][C][Branch1][C][C][Branch1][C][C][C]
CC(=O)OCCOC(=O)C,"InChI=1S/C6H10O4/c1-5(7)9-3-4-10-6(2)8/h3-4H2,1-2H3",[C][C][=Branch1][C][=O][O][C][C][O][C][=Branch1][C][=O][C]
CCOP(=S)(OCC)SCSP(=S)(OCC)OCC,"InChI=1S/C9H22O4P2S4/c1-5-10-14(16,11-6-2)18-9-19-15(17,12-7-3)13-8-4/h5-9H2,1-4H3",[C][C][O][P][=Branch1][C][=S][Branch1][Ring2][O][C][C][S][C][S][P][=Branch1][C][=S][Branch1][Ring2][O][C][C][O][C][C]
C1CCCC(CC1)O,"InChI=1S/C7H14O/c8-7-5-3-1-2-4-6-7/h7-8H,1-6H2",[C][C][C][C][C][Branch1][Branch1][C][C][Ring1][#Branch1][O]
COC(=O)C1CC1,"InChI=1S/C5H8O2/c1-7-5(6)4-2-3-4/h4H,2-3H2,1H3",[C][O][C][=Branch1][C][=O][C][C][C][Ring1][Ring1]
c1ccc(cc1)C#N,InChI=1S/C7H5N/c8-6-7-4-2-1-3-5-7/h1-5H,[C][=C][C][=C][Branch1][Branch1][C][=C][Ring1][=Branch1][C][#N]
CCCCC#N,"InChI=1S/C5H9N/c1-2-3-4-5-6/h2-4H2,1H3",[C][C][C][C][C][#N]
CC(C)(C)O,"InChI=1S/C4H10O/c1-4(2,3)5/h5H,1-3H3",[C][C][Branch1][C][C][Branch1][C][C][O]
CC(C)C(=O)C(C)C,"InChI=1S/C7H14O/c1-5(2)7(8)6(3)4/h5-6H,1-4H3",[C][C][Branch1][C][C][C][=Branch1][C][=O][C][Branch1][C][C][C]
CCC=O,"InChI=1S/C3H6O/c1-2-3-4/h3H,2H2,1H3",[C][C][C][=O]
CN(C)C=O,"InChI=1S/C3H7NO/c1-4(2)3-5/h3H,1-2H3",[C][N][Branch1][C][C][C][=O]
Cc1ccc(cc1)C,"InChI=1S/C8H10/c1-7-3-5-8(2)6-4-7/h3-6H,1-2H3",[C][C][=C][C][=C][Branch1][Branch1][C][=C][Ring1][=Branch1][C]
C=CCC=C,"InChI=1S/C5H8/c1-3-5-4-2/h3-4H,1-2,5H2",[C][=C][C][C][=C]
Cc1cccc(c1C)Nc2ccccc2C(=O)O,"InChI=1S/C15H15NO2/c1-10-6-5-9-13(11(10)2)16-14-8-4-3-7-12(14)15(17)18/h3-9,16H,1-2H3,(H,17,18)",[C][C][=C][C][=C][C][=Branch1][Branch1][=C][Ring1][=Branch1][C][N][C][=C][C][=C][C][=C][Ring1][=Branch1][C][=Branch1][C][=O][O]
CN(C)C(=O)c1ccccc1,"InChI=1S/C9H11NO/c1-10(2)9(11)8-6-4-3-5-7-8/h3-7H,1-2H3",[C][N][Branch1][C][C][C][=Branch1][C][=O][C][=C][C][=C][C][=C][Ring1][=Branch1]
CCNCC,"InChI=1S/C4H11N/c1-3-5-4-2/h5H,3-4H2,1-2H3",[C][C][N][C][C]
CC(C)(C)c1ccc(cc1)O,"InChI=1S/C10H14O/c1-10(2,3)8-4-6-9(11)7-5-8/h4-7,11H,1-3H3",[C][C][Branch1][C][C][Branch1][C][C][C][=C][C][=C][Branch1][Branch1][C][=C][Ring1][=Branch1][O]
CC(C)CCOC=O,"InChI=1S/C6H12O2/c1-6(2)3-4-8-5-7/h5-6H,3-4H2,1-2H3",[C][C][Branch1][C][C][C][C][O][C][=O]
CCCCCCCCCCO,"InChI=1S/C10H22O/c1-2-3-4-5-6-7-8-9-10-11/h11H,2-10H2,1H3",[C][C][C][C][C][C][C][C][C][C][O]
CCC(=O)OCC,"InChI=1S/C5H10O2/c1-3-5(6)7-4-2/h3-4H2,1-2H3",[C][C][C][=Branch1][C][=O][O][C][C]
CCCCCCCCC,"InChI=1S/C9H20/c1-3-5-7-9-8-6-4-2/h3-9H2,1-2H3",[C][C][C][C][C][C][C][C][C]
CC(=O)NC,"InChI=1S/C3H7NO/c1-3(5)4-2/h1-2H3,(H,4,5)",[C][C][=Branch1][C][=O][N][C]
CCCCCCCC=C,"InChI=1S/C9H18/c1-3-5-7-9-8-6-4-2/h3H,1,4-9H2,2H3",[C][C][C][C][C][C][C][C][=C]
c1ccc2cc(ccc2c1)O,"InChI=1S/C10H8O/c11-10-6-5-8-3-1-2-4-9(8)7-10/h1-7,11H",[C][=C][C][=C][C][=C][Branch1][=Branch2][C][=C][C][Ring1][=Branch1][=C][Ring1][#Branch2][O]
c1cc(c(cc1Cl)Cl)Cl,InChI=1S/C6H3Cl3/c7-4-1-2-5(8)6(9)3-4/h1-3H,[C][=C][C][=Branch1][#Branch2][=C][Branch1][=Branch1][C][=C][Ring1][=Branch1][Cl][Cl][Cl]
C([C@H]([C@H]([C@@H]([C@@H](CO)O)O)O)O)O,"InChI=1S/C6H14O6/c7-1-3(9)5(11)6(12)4(10)2-8/h3-12H,1-2H2/t3-,4-,5-,6-/m1/s1",[C][Branch2][Ring1][Ring1][C@H1][Branch1][#C][C@H1][Branch1][O][C@@H1][Branch1][#Branch1][C@@H1][Branch1][Ring1][C][O][O][O][O][O][O]
CCCC(=O)OC,"InChI=1S/C5H10O2/c1-3-4-5(6)7-2/h3-4H2,1-2H3",[C][C][C][C][=Branch1][C][=O][O][C]
c1ccc(c(c1)C=O)O,"InChI=1S/C7H6O2/c8-5-6-3-1-2-4-7(6)9/h1-5,9H",[C][=C][C][=C][Branch1][=Branch2][C][=Branch1][Ring2][=C][Ring1][=Branch1][C][=O][O]
C1CNC1,"InChI=1S/C3H7N/c1-2-4-3-1/h4H,1-3H2",[C][C][N][C][Ring1][Ring2]
CCCNCCC,"InChI=1S/C6H15N/c1-3-5-7-6-4-2/h7H,3-6H2,1-2H3",[C][C][C][N][C][C][C]
c1ccc(cc1)N,"InChI=1S/C6H7N/c7-6-4-2-1-3-5-6/h1-5H,7H2",[C][=C][C][=C][Branch1][Branch1][C][=C][Ring1][=Branch1][N]
C(F)(F)(F)F,"InChI=1S/CF4/c2-1(3,4)5",[C][Branch1][C][F][Branch1][C][F][Branch1][C][F][F]
CC[C@@H](C)CO,"InChI=1S/C5H12O/c1-3-5(2)4-6/h5-6H,3-4H2,1-2H3/t5-/m1/s1",[C][C][C@@H1][Branch1][C][C][C][O]
c1ccc(c(c1)O)I,"InChI=1S/C6H5IO/c7-5-3-1-2-4-6(5)8/h1-4,8H",[C][=C][C][=C][Branch1][Branch2][C][=Branch1][Ring2][=C][Ring1][=Branch1][O][I]
COc1cccc(c1O)OC,"InChI=1S/C8H10O3/c1-10-6-4-3-5-7(11-2)8(6)9/h3-5,9H,1-2H3",[C][O][C][=C][C][=C][C][=Branch1][Branch1][=C][Ring1][=Branch1][O][O][C]
CCC#C,"InChI=1S/C4H6/c1-3-4-2/h1H,4H2,2H3",[C][C][C][#C]
c1ccc(cc1)C(F)(F)F,"InChI=1S/C7H5F3/c8-7(9,10)6-4-2-1-3-5-6/h1-5H",[C][=C][C][=C][Branch1][Branch1][C][=C][Ring1][=Branch1][C][Branch1][C][F][Branch1][C][F][F]
NN,InChI=1S/H4N2/c1-2/h1-2H2,[N][N]
Cc1ccccn1,"InChI=1S/C6H7N/c1-6-4-2-3-5-7-6/h2-5H,1H3",[C][C][=C][C][=C][C][=N][Ring1][=Branch1]
CCNc1nc(nc(n1)Cl)NCC,"InChI=1S/C7H12ClN5/c1-3-9-6-11-5(8)12-7(13-6)10-4-2/h3-4H2,1-2H3,(H2,9,10,11,12,13)",[C][C][N][C][=N][C][=Branch1][=Branch2][=N][C][=Branch1][Ring2][=N][Ring1][=Branch1][Cl][N][C][C]
c1ccc2c(c1)Oc3cc(c(cc3O2)Cl)Cl,InChI=1S/C12H6Cl2O2/c13-7-5-11-12(6-8(7)14)16-10-4-2-1-3-9(10)15-11/h1-6H,[C][=C][C][=C][C][=Branch1][Ring2][=C][Ring1][=Branch1][O][C][=C][C][=Branch1][N][=C][Branch1][Branch2][C][=C][Ring1][=Branch1][O][Ring1][O][Cl][Cl]
CCCCCCCCN,"InChI=1S/C8H19N/c1-2-3-4-5-6-7-8-9/h2-9H2,1H3",[C][C][C][C][C][C][C][C][N]
N,InChI=1S/H3N/h1H3,[N]
c1ccc(c(c1)C(F)(F)F)C(F)(F)F,"InChI=1S/C8H4F6/c9-7(10,11)5-3-1-2-4-6(5)8(12,13)14/h1-4H",[C][=C][C][=C][Branch1][#C][C][=Branch1][Ring2][=C][Ring1][=Branch1][C][Branch1][C][F][Branch1][C][F][F][C][Branch1][C][F][Branch1][C][F][F]
COC(=O)c1ccc(cc1)O,"InChI=1S/C8H8O3/c1-11-8(10)6-2-4-7(9)5-3-6/h2-5,9H,1H3",[C][O][C][=Branch1][C][=O][C][=C][C][=C][Branch1][Branch1][C][=C][Ring1][=Branch1][O]
CCCCCc1ccccc1,"InChI=1S/C11H16/c1-2-3-5-8-11-9-6-4-7-10-11/h4,6-7,9-10H,2-3,5,8H2,1H3",[C][C][C][C][C][C][=C][C][=C][C][=C][Ring1][=Branch1]
CC(F)F,"InChI=1S/C2H4F2/c1-2(3)4/h2H,1H3",[C][C][Branch1][C][F][F]
c1ccc(cc1)n2c(=O)c(c(cn2)N)Cl,"InChI=1S/C10H8ClN3O/c11-9-8(12)6-13-14(10(9)15)7-4-2-1-3-5-7/h1-6H,12H2",[C][=C][C][=C][Branch1][Branch1][C][=C][Ring1][=Branch1][N][C][=Branch1][C][=O][C][=Branch1][=Branch2][=C][Branch1][Branch1][C][=N][Ring1][#Branch1][N][Cl]
C=CC=C,"InChI=1S/C4H6/c1-3-4-2/h3-4H,1-2H2",[C][=C][C][=C]
CN(C)C,InChI=1S/C3H9N/c1-4(2)3/h1-3H3,[C][N][Branch1][C][C][C]
CCCCCC(=O)N,"InChI=1S/C6H13NO/c1-2-3-4-5-6(7)8/h2-5H2,1H3,(H2,7,8)",[C][C][C][C][C][C][=Branch1][C][=O][N]
CC(C)CO[N+](=O)[O-],"InChI=1S/C4H9NO3/c1-4(2)3-8-5(6)7/h4H,3H2,1-2H3",[C][C][Branch1][C][C][C][O][N+1][=Branch1][C][=O][O-1]
c1ccc2c(c1)C(=O)c3cccc(c3C2=O)NCCO,"InChI=1S/C16H13NO3/c18-9-8-17-13-7-3-6-12-14(13)16(20)11-5-2-1-4-10(11)15(12)19/h1-7,17-18H,8-9H2",[C][=C][C][=C][C][=Branch1][Ring2][=C][Ring1][=Branch1][C][=Branch1][C][=O][C][=C][C][=C][C][=Branch1][Branch2][=C][Ring1][=Branch1][C][Ring1][N][=O][N][C][C][O]
C(CO[N+](=O)[O-])O,"InChI=1S/C2H5NO4/c4-1-2-7-3(5)6/h4H,1-2H2",[C][Branch1][Branch2][C][O][N+1][=Branch1][C][=O][O-1][O]
CCCCCCC(=O)C,"InChI=1S/C8H16O/c1-3-4-5-6-7-8(2)9/h3-7H2,1-2H3",[C][C][C][C][C][C][C][=Branch1][C][=O][C]
CN1CCNCC1,"InChI=1S/C5H12N2/c1-7-4-2-6-3-5-7/h6H,2-5H2,1H3",[C][N][C][C][N][C][C][Ring1][=Branch1]
CCN,"InChI=1S/C2H7N/c1-2-3/h2-3H2,1H3",[C][C][N]
C1C=CC=CC=C1,"InChI=1S/C7H8/c1-2-4-6-7-5-3-1/h1-6H,7H2",[C][C][=C][C][=C][C][=C][Ring1][#Branch1]
c1ccc2c(c1)Cc3ccccc3C2,"InChI=1S/C14H12/c1-2-6-12-10-14-8-4-3-7-13(14)9-11(12)5-1/h1-8H,9-10H2",[C][=C][C][=C][C][=Branch1][Ring2][=C][Ring1][=Branch1][C][C][=C][C][=C][C][=C][Ring1][=Branch1][C][Ring1][O]
CC(Cl)Cl,"InChI=1S/C2H4Cl2/c1-2(3)4/h2H,1H3",[C][C][Branch1][C][Cl][Cl]
COc1cccc(c1)O,"InChI=1S/C7H8O2/c1-9-7-4-2-3-6(8)5-7/h2-5,8H,1H3",[C][O][C][=C][C][=C][C][=Branch1][Ring2][=C][Ring1][=Branch1][O]
c1cc2cccc3c2c(c1)CC3,"InChI=1S/C12H10/c1-3-9-4-2-6-11-8-7-10(5-1)12(9)11/h1-6H,7-8H2",[C][=C][C][=C][C][=C][C][=C][Ring1][=Branch1][C][=Branch1][Ring2][=C][Ring1][#Branch2][C][C][Ring1][=Branch1]
CCCCCCCCBr,"InChI=1S/C8H17Br/c1-2-3-4-5-6-7-8-9/h2-8H2,1H3",[C][C][C][C][C][C][C][C][Br]
c1ccc(cc1)CO,"InChI=1S/C7H8O/c8-6-7-4-2-1-3-5-7/h1-5,8H,6H2",[C][=C][C][=C][Branch1][Branch1][C][=C][Ring1][=Branch1][C][O]
c1c(c(=O)[nH]c(=O)[nH]1)Br,"InChI=1S/C4H3BrN2O2/c5-2-1-6-4(9)7-3(2)8/h1H,(H2,6,7,8,9)",[C][=C][Branch1][=N][C][=Branch1][C][=O][NH1][C][=Branch1][C][=O][NH1][Ring1][Branch2][Br]
CCCC,"InChI=1S/C4H10/c1-3-4-2/h3-4H2,1-2H3",[C][C][C][C]
CCl,InChI=1S/CH3Cl/c1-2/h1H3,[C][Cl]
CC(C)CBr,"InChI=1S/C4H9Br/c1-4(2)3-5/h4H,3H2,1-2H3",[C][C][Branch1][C][C][C][Br]
CC(C)SC(C)C,"InChI=1S/C6H14S/c1-5(2)7-6(3)4/h5-6H,1-4H3",[C][C][Branch1][C][C][S][C][Branch1][C][C][C]
CCCCCCC,"InChI=1S/C7H16/c1-3-5-7-6-4-2/h3-7H2,1-2H3",[C][C][C][C][C][C][C]
c1cnc[nH]1,"InChI=1S/C3H4N2/c1-2-5-3-4-1/h1-3H,(H,4,5)",[C][=C][N][=C][NH1][Ring1][Branch1]
c1cc2c(cc1Cl)Oc3cc(c(c(c3O2)Cl)Cl)Cl,InChI=1S/C12H4Cl4O2/c13-5-1-2-7-8(3-5)17-9-4-6(14)10(15)11(16)12(9)18-7/h1-4H,[C][=C][C][=C][Branch1][=Branch1][C][=C][Ring1][=Branch1][Cl][O][C][=C][C][=Branch1][#C][=C][Branch1][O][C][=Branch1][#Branch1][=C][Ring1][=Branch1][O][Ring1][=N][Cl][Cl][Cl]
CC[C@H](C)n1c(=O)c(c([nH]c1=O)C)Br,"InChI=1S/C9H13BrN2O2/c1-4-5(2)12-8(13)7(10)6(3)11-9(12)14/h5H,4H2,1-3H3,(H,11,14)/t5-/m0/s1",[C][C][C@H1][Branch1][C][C][N][C][=Branch1][C][=O][C][=Branch1][#Branch2][=C][Branch1][=Branch1][NH1][C][Ring1][#Branch1][=O][C][Br]
C(I)I,InChI=1S/CH2I2/c2-1-3/h1H2,[C][Branch1][C][I][I]
CCCN(CCC)C(=O)SCCC,"InChI=1S/C10H21NOS/c1-4-7-11(8-5-2)10(12)13-9-6-3/h4-9H2,1-3H3",[C][C][C][N][Branch1][Ring2][C][C][C][C][=Branch1][C][=O][S][C][C][C]
C[N+](=O)[O-],InChI=1S/CH3NO2/c1-2(3)4/h1H3,[C][N+1][=Branch1][C][=O][O-1]
CCOC,"InChI=1S/C3H8O/c1-3-4-2/h3H2,1-2H3",[C][C][O][C]
COC(CCl)(OC)OC,"InChI=1S/C5H11ClO3/c1-7-5(4-6,8-2)9-3/h4H2,1-3H3",[C][O][C][Branch1][Ring1][C][Cl][Branch1][Ring1][O][C][O][C]
CC(C)C,"InChI=1S/C4H10/c1-4(2)3/h4H,1-3H3",[C][C][Branch1][C][C][C]
CC(C)CC(=O)O,"InChI=1S/C5H10O2/c1-4(2)3-5(6)7/h4H,3H2,1-2H3,(H,6,7)",[C][C][Branch1][C][C][C][C][=Branch1][C][=O][O]
CCOP(=O)(OCC)O/C(=C/Cl)/c1ccc(cc1Cl)Cl,"InChI=1S/C12H14Cl3O4P/c1-3-17-20(16,18-4-2)19-12(8-13)10-6-5-9(14)7-11(10)15/h5-8H,3-4H2,1-2H3/b12-8+",[C][C][O][P][=Branch1][C][=O][Branch1][Ring2][O][C][C][O][/C][=Branch1][Ring1][=C][/Cl][/C][=C][C][=C][Branch1][=Branch1][C][=C][Ring1][=Branch1][Cl][Cl]
CCCCl,"InChI=1S/C3H7Cl/c1-2-3-4/h2-3H2,1H3",[C][C][C][Cl]
CCCSCCC,"InChI=1S/C6H14S/c1-3-5-7-6-4-2/h3-6H2,1-2H3",[C][C][C][S][C][C][C]
CCC[C@H](CC)O,"InChI=1S/C6H14O/c1-3-5-6(7)4-2/h6-7H,3-5H2,1-2H3/t6-/m0/s1",[C][C][C][C@H1][Branch1][Ring1][C][C][O]
CC#N,InChI=1S/C2H3N/c1-2-3/h1H3,[C][C][#N]
CN(CC(F)(F)F)c1ccccc1,"InChI=1S/C9H10F3N/c1-13(7-9(10,11)12)8-5-3-2-4-6-8/h2-6H,7H2,1H3",[C][N][Branch1][#Branch2][C][C][Branch1][C][F][Branch1][C][F][F][C][=C][C][=C][C][=C][Ring1][=Branch1]
[C@@H](C(F)(F)F)(OC(F)F)Cl,"InChI=1S/C3H2ClF5O/c4-1(3(7,8)9)10-2(5)6/h1-2H/t1-/m0/s1",[C@@H1][Branch1][=Branch2][C][Branch1][C][F][Branch1][C][F][F][Branch1][#Branch1][O][C][Branch1][C][F][F][Cl]
C=CCCC=C,"InChI=1S/C6H10/c1-3-5-6-4-2/h3-4H,1-2,5-6H2",[C][=C][C][C][C][=C]
Cc1cccc(c1)C,"InChI=1S/C8H10/c1-7-4-3-5-8(2)6-7/h3-6H,1-2H3",[C][C][=C][C][=C][C][=Branch1][Ring2][=C][Ring1][=Branch1][C]
CC(=O)OC,InChI=1S/C3H6O2/c1-3(4)5-2/h1-2H3,[C][C][=Branch1][C][=O][O][C]
COC(c1ccccc1)(OC)OC,"InChI=1S/C10H14O3/c1-11-10(12-2,13-3)9-7-5-4-6-8-9/h4-8H,1-3H3",[C][O][C][Branch1][=Branch2][C][=C][C][=C][C][=C][Ring1][=Branch1][Branch1][Ring1][O][C][O][C]
CCOC(=O)c1ccccc1,"InChI=1S/C9H10O2/c1-2-11-9(10)8-6-4-3-5-7-8/h3-7H,2H2,1H3",[C][C][O][C][=Branch1][C][=O][C][=C][C][=C][C][=C][Ring1][=Branch1]
CCCS,"InChI=1S/C3H8S/c1-2-3-4/h4H,2-3H2,1H3",[C][C][C][S]
CCCCCC(=O)C,"InChI=1S/C7H14O/c1-3-4-5-6-7(2)8/h3-6H2,1-2H3",[C][C][C][C][C][C][=Branch1][C][=O][C]
CC1(Cc2cccc(c2O1)OC(=O)NC)C,"InChI=1S/C12H15NO3/c1-12(2)7-8-5-4-6-9(10(8)16-12)15-11(14)13-3/h4-6H,7H2,1-3H3,(H,13,14)",[C][C][Branch2][Ring1][=Branch1][C][C][=C][C][=C][C][=Branch1][#Branch1][=C][Ring1][=Branch1][O][Ring1][=Branch2][O][C][=Branch1][C][=O][N][C][C]
c1ccc(cc1)CBr,"InChI=1S/C7H7Br/c8-6-7-4-2-1-3-5-7/h1-5H,6H2",[C][=C][C][=C][Branch1][Branch1][C][=C][Ring1][=Branch1][C][Br]
CCCCCC(=O)OCC,"InChI=1S/C8H16O2/c1-3-5-6-7-8(9)10-4-2/h3-7H2,1-2H3",[C][C][C][C][C][C][=Branch1][C][=O][O][C][C]
CCCOC,"InChI=1S/C4H10O/c1-3-4-5-2/h3-4H2,1-2H3",[C][C][C][O][C]
CN1CCOCC1,"InChI=1S/C5H11NO/c1-6-2-4-7-5-3-6/h2-5H2,1H3",[C][N][C][C][O][C][C][Ring1][=Branch1]
c1cc(cc(c1)O)C#N,"InChI=1S/C7H5NO/c8-5-6-2-1-3-7(9)4-6/h1-4,9H",[C][=C][C][=Branch1][=Branch2][=C][C][=Branch1][Ring2][=C][Ring1][=Branch1][O][C][#N]
c1cc(c(cc1c2c(c(cc(c2Cl)Cl)Cl)Cl)Cl)Cl,InChI=1S/C12H4Cl6/c13-6-2-1-5(3-7(6)14)10-11(17)8(15)4-9(16)12(10)18/h1-4H,[C][=C][C][=Branch2][Ring1][N][=C][Branch2][Ring1][#Branch1][C][=C][Ring1][=Branch1][C][=C][Branch1][=C][C][=Branch1][#Branch2][=C][C][=Branch1][Branch1][=C][Ring1][=Branch1][Cl][Cl][Cl][Cl][Cl][Cl]
CCCc1ccccc1,"InChI=1S/C9H12/c1-2-6-9-7-4-3-5-8-9/h3-5,7-8H,2,6H2,1H3",[C][C][C][C][=C][C][=C][C][=C][Ring1][=Branch1]
Cn1cnc2c1c(=O)n(c(=O)n2C)C,"InChI=1S/C8H10N4O2/c1-10-4-9-6-5(10)7(13)12(3)8(14)11(6)2/h4H,1-3H3",[C][N][C][=N][C][=C][Ring1][Branch1][C][=Branch1][C][=O][N][Branch1][=Branch2][C][=Branch1][C][=O][N][Ring1][Branch2][C][C]
CNC,"InChI=1S/C2H7N/c1-3-2/h3H,1-2H3",[C][N][C]
C(=C(F)F)(C(F)(F)F)F,"InChI=1S/C3F6/c4-1(2(5)6)3(7,8)9",[C][=Branch1][=Branch1][=C][Branch1][C][F][F][Branch1][=Branch2][C][Branch1][C][F][Branch1][C][F][F][F]
c1cc(ccc1O)Cl,"InChI=1S/C6H5ClO/c7-5-1-3-6(8)4-2-5/h1-4,8H",[C][=C][C][=Branch1][#Branch1][=C][C][=C][Ring1][=Branch1][O][Cl]
C1CCNCC1,"InChI=1S/C5H11N/c1-2-4-6-5-3-1/h6H,1-5H2",[C][C][C][N][C][C][Ring1][=Branch1]
c1ccc2c(c1)ccc3c2cccc3,InChI=1S/C14H10/c1-3-7-13-11(5-1)9-10-12-6-2-4-8-14(12)13/h1-10H,[C][=C][C][=C][C][=Branch1][Ring2][=C][Ring1][=Branch1][C][=C][C][=C][Ring1][#Branch1][C][=C][C][=C][Ring1][=Branch1]
CI,InChI=1S/CH3I/c1-2/h1H3,[C][I]
COc1c(cc(c(c1O)OC)Cl)Cl,"InChI=1S/C8H8Cl2O3/c1-12-7-4(9)3-5(10)8(13-2)6(7)11/h3,11H,1-2H3",[C][O][C][=C][Branch1][#C][C][=C][Branch1][#Branch2][C][=Branch1][Branch1][=C][Ring1][=Branch1][O][O][C][Cl][Cl]
C(=C/Cl)\Cl,InChI=1S/C2H2Cl2/c3-1-2-4/h1-2H/b2-1+,[C][=Branch1][Ring1][=C][/Cl][\Cl]
CCCCC,"InChI=1S/C5H12/c1-3-5-4-2/h3-5H2,1-2H3",[C][C][C][C][C]
CCCC#N,"InChI=1S/C4H7N/c1-2-3-4-5/h2-3H2,1H3",[C][C][C][C][#N]
[C@@H](C(F)(F)F)(F)Br,"InChI=1S/C2HBrF4/c3-1(4)2(5,6)7/h1H/t1-/m0/s1",[C@@H1][Branch1][=Branch2][C][Branch1][C][F][Branch1][C][F][F][Branch1][C][F][Br]
CC(C)Cc1cnccn1,"InChI=1S/C8H12N2/c1-7(2)5-8-6-9-3-4-10-8/h3-4,6-7H,5H2,1-2H3",[C][C][Branch1][C][C][C][C][=C][N][=C][C][=N][Ring1][=Branch1]
CC[C@H](C)O[N+](=O)[O-],"InChI=1S/C4H9NO3/c1-3-4(2)8-5(6)7/h4H,3H2,1-2H3/t4-/m0/s1",[C][C][C@H1][Branch1][C][C][O][N+1][=Branch1][C][=O][O-1]
c1ccc(cc1)c2cc(ccc2Cl)Cl,InChI=1S/C12H8Cl2/c13-10-6-7-12(14)11(8-10)9-4-2-1-3-5-9/h1-8H,[C][=C][C][=C][Branch1][Branch1][C][=C][Ring1][=Branch1][C][=C][C][=Branch1][#Branch1][=C][C][=C][Ring1][=Branch1][Cl][Cl]
c1ccc(cc1)c2cc(c(c(c2Cl)Cl)Cl)Cl,InChI=1S/C12H6Cl4/c13-9-6-8(7-4-2-1-3-5-7)10(14)12(16)11(9)15/h1-6H,[C][=C][C][=C][Branch1][Branch1][C][=C][Ring1][=Branch1][C][=C][C][=Branch1][=N][=C][Branch1][=Branch2][C][=Branch1][Branch1][=C][Ring1][=Branch1][Cl][Cl][Cl][Cl]
CC[C@@H](C)C(C)C,"InChI=1S/C7H16/c1-5-7(4)6(2)3/h6-7H,5H2,1-4H3/t7-/m1/s1",[C][C][C@@H1][Branch1][C][C][C][Branch1][C][C][C]
C[C@H](CC(C)C)O,"InChI=1S/C6H14O/c1-5(2)4-6(3)7/h5-7H,4H2,1-3H3/t6-/m1/s1",[C][C@H1][Branch1][#Branch1][C][C][Branch1][C][C][C][O]
C1CCOCC1,InChI=1S/C5H10O/c1-2-4-6-5-3-1/h1-5H2,[C][C][C][O][C][C][Ring1][=Branch1]
C1CC1,InChI=1S/C3H6/c1-2-3-1/h1-3H2,[C][C][C][Ring1][Ring1]
c1c(cc(c(c1Cl)Cl)Cl)c2cc(c(c(c2Cl)Cl)Cl)Cl,InChI=1S/C12H3Cl7/c13-6-1-4(2-7(14)10(6)17)5-3-8(15)11(18)12(19)9(5)16/h1-3H,[C][=C][Branch1][=C][C][=C][Branch1][=Branch2][C][=Branch1][Branch1][=C][Ring1][=Branch1][Cl][Cl][Cl][C][=C][C][=Branch1][=N][=C][Branch1][=Branch2][C][=Branch1][Branch1][=C][Ring1][=Branch1][Cl][Cl][Cl][Cl]
C=C(Cl)Cl,InChI=1S/C2H2Cl2/c1-2(3)4/h1H2,[C][=C][Branch1][C][Cl][Cl]
CC(C)CO,"InChI=1S/C4H10O/c1-4(2)3-5/h4-5H,3H2,1-2H3",[C][C][Branch1][C][C][C][O]
CCCOC(=O)CC,"InChI=1S/C6H12O2/c1-3-5-8-6(7)4-2/h3-5H2,1-2H3",[C][C][C][O][C][=Branch1][C][=O][C][C]
C(C(Cl)(Cl)Cl)(Cl)(Cl)Cl,"InChI=1S/C2Cl6/c3-1(4,5)2(6,7)8",[C][Branch1][=Branch2][C][Branch1][C][Cl][Branch1][C][Cl][Cl][Branch1][C][Cl][Branch1][C][Cl][Cl]
CSc1ccccc1,"InChI=1S/C7H8S/c1-8-7-5-3-2-4-6-7/h2-6H,1H3",[C][S][C][=C][C][=C][C][=C][Ring1][=Branch1]
CCc1ccccc1O,"InChI=1S/C8H10O/c1-2-7-5-3-4-6-8(7)9/h3-6,9H,2H2,1H3",[C][C][C][=C][C][=C][C][=C][Ring1][=Branch1][O]
CC(C)(C)Cl,"InChI=1S/C4H9Cl/c1-4(2,3)5/h1-3H3",[C][C][Branch1][C][C][Branch1][C][C][Cl]
CC(=C)C=C,"InChI=1S/C5H8/c1-4-5(2)3/h4H,1-2H2,3H3",[C][C][=Branch1][C][=C][C][=C]
Cc1ccc(cc1)C(C)C,"InChI=1S/C10H14/c1-8(2)10-6-4-9(3)5-7-10/h4-8H,1-3H3",[C][C][=C][C][=C][Branch1][Branch1][C][=C][Ring1][=Branch1][C][Branch1][C][C][C]
Cn1ccnc1,"InChI=1S/C4H6N2/c1-6-3-2-5-4-6/h2-4H,1H3",[C][N][C][=C][N][=C][Ring1][Branch1]
C(CO)O,"InChI=1S/C2H6O2/c3-1-2-4/h3-4H,1-2H2",[C][Branch1][Ring1][C][O][O]
c1ccc(c(c1)Cl)Cl,InChI=1S/C6H4Cl2/c7-5-3-1-2-4-6(5)8/h1-4H,[C][=C][C][=C][Branch1][Branch2][C][=Branch1][Ring2][=C][Ring1][=Branch1][Cl][Cl]
c1c(=O)[nH]c(=O)[nH]c1Cl,"InChI=1S/C4H3ClN2O2/c5-2-1-3(8)7-4(9)6-2/h1H,(H2,6,7,8,9)",[C][C][=Branch1][C][=O][NH1][C][=Branch1][C][=O][NH1][C][=Ring1][Branch2][Cl]
CCCOC=O,"InChI=1S/C4H8O2/c1-2-3-6-4-5/h4H,2-3H2,1H3",[C][C][C][O][C][=O]
c1ccc2c(c1)Oc3ccc(cc3O2)Cl,InChI=1S/C12H7ClO2/c13-8-5-6-11-12(7-8)15-10-4-2-1-3-9(10)14-11/h1-7H,[C][=C][C][=C][C][=Branch1][Ring2][=C][Ring1][=Branch1][O][C][=C][C][=C][Branch1][Branch2][C][=C][Ring1][=Branch1][O][Ring1][O][Cl]
CCCCCC(=O)O,"InChI=1S/C6H12O2/c1-2-3-4-5-6(7)8/h2-5H2,1H3,(H,7,8)",[C][C][C][C][C][C][=Branch1][C][=O][O]
CCOC(=O)CCC(=O)OCC,"InChI=1S/C8H14O4/c1-3-11-7(9)5-6-8(10)12-4-2/h3-6H2,1-2H3",[C][C][O][C][=Branch1][C][=O][C][C][C][=Branch1][C][=O][O][C][C]
Cc1ccnc(c1)C,"InChI=1S/C7H9N/c1-6-3-4-8-7(2)5-6/h3-5H,1-2H3",[C][C][=C][C][=N][C][=Branch1][Ring2][=C][Ring1][=Branch1][C]
C1CCC=CC1,"InChI=1S/C6H10/c1-2-4-6-5-3-1/h1-2H,3-6H2",[C][C][C][C][=C][C][Ring1][=Branch1]
CN1CCN(CC1)C,"InChI=1S/C6H14N2/c1-7-3-5-8(2)6-4-7/h3-6H2,1-2H3",[C][N][C][C][N][Branch1][Branch1][C][C][Ring1][=Branch1][C]
c1cc(c(cc1c2cc(c(c(c2Cl)Cl)Cl)Cl)Cl)Cl,InChI=1S/C12H4Cl6/c13-7-2-1-5(3-8(7)14)6-4-9(15)11(17)12(18)10(6)16/h1-4H,[C][=C][C][=Branch2][Ring1][N][=C][Branch2][Ring1][#Branch1][C][=C][Ring1][=Branch1][C][=C][C][=Branch1][=N][=C][Branch1][=Branch2][C][=Branch1][Branch1][=C][Ring1][=Branch1][Cl][Cl][Cl][Cl][Cl][Cl]
C1=CC(=O)C=CC1=O,InChI=1S/C6H4O2/c7-5-1-2-6(8)4-3-5/h1-4H,[C][=C][C][=Branch1][C][=O][C][=C][C][Ring1][#Branch1][=O]
COC(=O)CCl,"InChI=1S/C3H5ClO2/c1-6-3(5)2-4/h2H2,1H3",[C][O][C][=Branch1][C][=O][C][Cl]
CCCC=O,"InChI=1S/C4H8O/c1-2-3-4-5/h4H,2-3H2,1H3",[C][C][C][C][=O]
CCc1ccccc1,"InChI=1S/C8H10/c1-2-8-6-4-3-5-7-8/h3-7H,2H2,1H3",[C][C][C][=C][C][=C][C][=C][Ring1][=Branch1]
C(=C(Cl)Cl)Cl,InChI=1S/C2HCl3/c3-1-2(4)5/h1H,[C][=Branch1][=Branch1][=C][Branch1][C][Cl][Cl][Cl]
CCN(CC)CC,"InChI=1S/C6H15N/c1-4-7(5-2)6-3/h4-6H2,1-3H3",[C][C][N][Branch1][Ring1][C][C][C][C]
c1cc2c(cc1Cl)Oc3c(c(c(c(c3Cl)Cl)Cl)Cl)O2,InChI=1S/C12H3Cl5O2/c13-4-1-2-5-6(3-4)19-12-10(17)8(15)7(14)9(16)11(12)18-5/h1-3H,[C][=C][C][=C][Branch1][=Branch1][C][=C][Ring1][=Branch1][Cl][O][C][=C][Branch1][P][C][=Branch1][=N][=C][Branch1][=Branch2][C][=Branch1][Branch1][=C][Ring1][=Branch1][Cl][Cl][Cl][Cl][O][Ring1][P]
Cc1ccncc1C,"InChI=1S/C7H9N/c1-6-3-4-8-5-7(6)2/h3-5H,1-2H3",[C][C][=C][C][=N][C][=C][Ring1][=Branch1][C]
c1(=O)[nH]c(=O)[nH]c(=O)[nH]1,"InChI=1S/C3H3N3O3/c7-1-4-2(8)6-3(9)5-1/h(H3,4,5,6,7,8,9)",[C][=Branch1][C][=O][NH1][C][=Branch1][C][=O][NH1][C][=Branch1][C][=O][NH1][Ring1][=Branch2]
c1ccc(cc1)C=O,InChI=1S/C7H6O/c8-6-7-4-2-1-3-5-7/h1-6H,[C][=C][C][=C][Branch1][Branch1][C][=C][Ring1][=Branch1][C][=O]
c1ccnc(c1)Cl,InChI=1S/C5H4ClN/c6-5-3-1-2-4-7-5/h1-4H,[C][=C][C][=N][C][=Branch1][Ring2][=C][Ring1][=Branch1][Cl]
C=CCCl,"InChI=1S/C3H5Cl/c1-2-3-4/h2H,1,3H2",[C][=C][C][Cl]
Cc1ccc(cc1)C(=O)C,"InChI=1S/C9H10O/c1-7-3-5-9(6-4-7)8(2)10/h3-6H,1-2H3",[C][C][=C][C][=C][Branch1][Branch1][C][=C][Ring1][=Branch1][C][=Branch1][C][=O][C]
C=O,InChI=1S/CH2O/c1-2/h1H2,[C][=O]
Cc1ccccc1Cl,"InChI=1S/C7H7Cl/c1-6-4-2-3-5-7(6)8/h2-5H,1H3",[C][C][=C][C][=C][C][=C][Ring1][=Branch1][Cl]
CC(=O)N1CCCC1,"InChI=1S/C6H11NO/c1-6(8)7-4-2-3-5-7/h2-5H2,1H3",[C][C][=Branch1][C][=O][N][C][C][C][C][Ring1][Branch1]
CC(OC)(OC)OC,"InChI=1S/C5H12O3/c1-5(6-2,7-3)8-4/h1-4H3",[C][C][Branch1][Ring1][O][C][Branch1][Ring1][O][C][O][C]
CCCCc1ccccc1,"InChI=1S/C10H14/c1-2-3-7-10-8-5-4-6-9-10/h4-6,8-9H,2-3,7H2,1H3",[C][C][C][C][C][=C][C][=C][C][=C][Ring1][=Branch1]
CN(C)c1ccccc1,"InChI=1S/C8H11N/c1-9(2)8-6-4-3-5-7-8/h3-7H,1-2H3",[C][N][Branch1][C][C][C][=C][C][=C][C][=C][Ring1][=Branch1]
CC(C)OC,"InChI=1S/C4H10O/c1-4(2)5-3/h4H,1-3H3",[C][C][Branch1][C][C][O][C]
c12c(c(c(c(c1Cl)Cl)Cl)Cl)Oc3c(c(c(c(c3Cl)Cl)Cl)Cl)O2,InChI=1S/C12Cl8O2/c13-1-2(14)6(18)10-9(5(1)17)21-11-7(19)3(15)4(16)8(20)12(11)22-10,[C][=C][Branch1][P][C][=Branch1][=N][=C][Branch1][=Branch2][C][=Branch1][Branch1][=C][Ring1][=Branch1][Cl][Cl][Cl][Cl][O][C][=C][Branch1][P][C][=Branch1][=N][=C][Branch1][=Branch2][C][=Branch1][Branch1][=C][Ring1][=Branch1][Cl][Cl][Cl][Cl][O][Ring2][Ring1][=Branch1]
c1(c(c(c(c(c1Cl)Cl)Cl)Cl)Cl)c2c(c(c(c(c2Cl)Cl)Cl)Cl)Cl,InChI=1S/C12Cl10/c13-3-1(4(14)8(18)11(21)7(3)17)2-5(15)9(19)12(22)10(20)6(2)16,[C][=Branch2][Ring1][Branch1][=C][Branch1][P][C][=Branch1][=N][=C][Branch1][=Branch2][C][=Branch1][Branch1][=C][Ring1][=Branch1][Cl][Cl][Cl][Cl][Cl][C][=C][Branch1][P][C][=Branch1][=N][=C][Branch1][=Branch2][C][=Branch1][Branch1][=C][Ring1][=Branch1][Cl][Cl][Cl][Cl][Cl]
C(C(Cl)Cl)Cl,"InChI=1S/C2H3Cl3/c3-1-2(4)5/h2H,1H2",[C][Branch1][=Branch1][C][Branch1][C][Cl][Cl][Cl]
CNc1ccccc1,"InChI=1S/C7H9N/c1-8-7-5-3-2-4-6-7/h2-6,8H,1H3",[C][N][C][=C][C][=C][C][=C][Ring1][=Branch1]
CC(C)OC(=O)C,"InChI=1S/C5H10O2/c1-4(2)7-5(3)6/h4H,1-3H3",[C][C][Branch1][C][C][O][C][=Branch1][C][=O][C]
c1ccccc1,InChI=1S/C6H6/c1-2-4-6-5-3-1/h1-6H,[C][=C][C][=C][C][=C][Ring1][=Branch1]
c1cc(c(c(c1)Cl)Cl)Cl,InChI=1S/C6H3Cl3/c7-4-2-1-3-5(8)6(4)9/h1-3H,[C][=C][C][=Branch1][N][=C][Branch1][Branch2][C][=Branch1][Ring2][=C][Ring1][=Branch1][Cl][Cl][Cl]
CCOP(=S)(OCC)SCSc1ccc(cc1)Cl,"InChI=1S/C11H16ClO2PS3/c1-3-13-15(16,14-4-2)18-9-17-11-7-5-10(12)6-8-11/h5-8H,3-4,9H2,1-2H3",[C][C][O][P][=Branch1][C][=S][Branch1][Ring2][O][C][C][S][C][S][C][=C][C][=C][Branch1][Branch1][C][=C][Ring1][=Branch1][Cl]
COP(=S)(OC)SCn1c(=O)c2ccccc2nn1,"InChI=1S/C10H12N3O3PS2/c1-15-17(18,16-2)19-7-13-10(14)8-5-3-4-6-9(8)11-12-13/h3-6H,7H2,1-2H3",[C][O][P][=Branch1][C][=S][Branch1][Ring1][O][C][S][C][N][C][=Branch1][C][=O][C][=C][C][=C][C][=C][Ring1][=Branch1][N][=N][Ring1][O]
c1ccc2c(c1)Oc3c(cc(c(c3O2)Cl)Cl)Cl,InChI=1S/C12H5Cl3O2/c13-6-5-7(14)11-12(10(6)15)17-9-4-2-1-3-8(9)16-11/h1-5H,[C][=C][C][=C][C][=Branch1][Ring2][=C][Ring1][=Branch1][O][C][=C][Branch1][S][C][=C][Branch1][O][C][=Branch1][#Branch1][=C][Ring1][=Branch1][O][Ring1][O][Cl][Cl][Cl]
CC(=C)C(=C)C,"InChI=1S/C6H10/c1-5(2)6(3)4/h1,3H2,2,4H3",[C][C][=Branch1][C][=C][C][=Branch1][C][=C][C]
CCCCC=C,"InChI=1S/C6H12/c1-3-5-6-4-2/h3H,1,4-6H2,2H3",[C][C][C][C][C][=C]
S,InChI=1S/H2S/h1H2,[S]
CCOCC,"InChI=1S/C4H10O/c1-3-5-4-2/h3-4H2,1-2H3",[C][C][O][C][C]
CCNc1nc(nc(n1)SC)NC(C)C,"InChI=1S/C9H17N5S/c1-5-10-7-12-8(11-6(2)3)14-9(13-7)15-4/h6H,5H2,1-4H3,(H2,10,11,12,13,14)",[C][C][N][C][=N][C][=Branch1][#Branch2][=N][C][=Branch1][Ring2][=N][Ring1][=Branch1][S][C][N][C][Branch1][C][C][C]
CCCCOC(=O)c1ccc(cc1)O,"InChI=1S/C11H14O3/c1-2-3-8-14-11(13)9-4-6-10(12)7-5-9/h4-7,12H,2-3,8H2,1H3",[C][C][C][C][O][C][=Branch1][C][=O][C][=C][C][=C][Branch1][Branch1][C][=C][Ring1][=Branch1][O]
CCCCCCOC(=O)C,"InChI=1S/C8H16O2/c1-3-4-5-6-7-10-8(2)9/h3-7H2,1-2H3",[C][C][C][C][C][C][O][C][=Branch1][C][=O][C]
C1CCC(=O)C1,InChI=1S/C5H8O/c6-5-3-1-2-4-5/h1-4H2,[C][C][C][C][=Branch1][C][=O][C][Ring1][=Branch1]
CCCCC(=O)O,"InChI=1S/C5H10O2/c1-2-3-4-5(6)7/h2-4H2,1H3,(H,6,7)",[C][C][C][C][C][=Branch1][C][=O][O]
CCBr,"InChI=1S/C2H5Br/c1-2-3/h2H2,1H3",[C][C][Br]
Cc1ccc2cc(ccc2c1)C,"InChI=1S/C12H12/c1-9-3-5-12-8-10(2)4-6-11(12)7-9/h3-8H,1-2H3",[C][C][=C][C][=C][C][=C][Branch1][=Branch2][C][=C][C][Ring1][=Branch1][=C][Ring1][#Branch2][C]
CCCCCCO,"InChI=1S/C6H14O/c1-2-3-4-5-6-7/h7H,2-6H2,1H3",[C][C][C][C][C][C][O]
c1ccc(cc1)c2ccccc2Cl,InChI=1S/C12H9Cl/c13-12-9-5-4-8-11(12)10-6-2-1-3-7-10/h1-9H,[C][=C][C][=C][Branch1][Branch1][C][=C][Ring1][=Branch1][C][=C][C][=C][C][=C][Ring1][=Branch1][Cl]
CC1=CCCCC1,"InChI=1S/C7H12/c1-7-5-3-2-4-6-7/h5H,2-4,6H2,1H3",[C][C][=C][C][C][C][C][Ring1][=Branch1]
CCCCCCO[N+](=O)[O-],"InChI=1S/C6H13NO3/c1-2-3-4-5-6-10-7(8)9/h2-6H2,1H3",[C][C][C][C][C][C][O][N+1][=Branch1][C][=O][O-1]
C(Br)(Br)Br,InChI=1S/CHBr3/c2-1(3)4/h1H,[C][Branch1][C][Br][Branch1][C][Br][Br]
CCc1ccc(cc1)O,"InChI=1S/C8H10O/c1-2-7-3-5-8(9)6-4-7/h3-6,9H,2H2,1H3",[C][C][C][=C][C][=C][Branch1][Branch1][C][=C][Ring1][=Branch1][O]
CCCOCCO,"InChI=1S/C5H12O2/c1-2-4-7-5-3-6/h6H,2-5H2,1H3",[C][C][C][O][C][C][O]
c1ccc(cc1)OC=O,InChI=1S/C7H6O2/c8-6-9-7-4-2-1-3-5-7/h1-6H,[C][=C][C][=C][Branch1][Branch1][C][=C][Ring1][=Branch1][O][C][=O]
c1c(c(=O)[nH]c(=O)[nH]1)I,"InChI=1S/C4H3IN2O2/c5-2-1-6-4(9)7-3(2)8/h1H,(H2,6,7,8,9)",[C][=C][Branch1][=N][C][=Branch1][C][=O][NH1][C][=Branch1][C][=O][NH1][Ring1][Branch2][I]
CCCC(=O)O,"InChI=1S/C4H8O2/c1-2-3-4(5)6/h2-3H2,1H3,(H,5,6)",[C][C][C][C][=Branch1][C][=O][O]
COC(C(F)(F)F)(OC)OC,"InChI=1S/C5H9F3O3/c1-9-5(10-2,11-3)4(6,7)8/h1-3H3",[C][O][C][Branch1][=Branch2][C][Branch1][C][F][Branch1][C][F][F][Branch1][Ring1][O][C][O][C]
C1[C@H]([C@@H]([C@H]([C@H](O1)O)O)O)O,"InChI=1S/C5H10O5/c6-2-1-10-5(9)4(8)3(2)7/h2-9H,1H2/t2-,3+,4-,5+/m1/s1",[C][C@H1][Branch1][S][C@@H1][Branch1][N][C@H1][Branch1][Branch2][C@H1][Branch1][Ring2][O][Ring1][=Branch1][O][O][O][O]
C(F)(F)(F)Br,"InChI=1S/CBrF3/c2-1(3,4)5",[C][Branch1][C][F][Branch1][C][F][Branch1][C][F][Br]
CCCCO,"InChI=1S/C4H10O/c1-2-3-4-5/h5H,2-4H2,1H3",[C][C][C][C][O]
c1ccc(cc1)F,InChI=1S/C6H5F/c7-6-4-2-1-3-5-6/h1-5H,[C][=C][C][=C][Branch1][Branch1][C][=C][Ring1][=Branch1][F]
CCOC(=O)C,"InChI=1S/C4H8O2/c1-3-6-4(2)5/h3H2,1-2H3",[C][C][O][C][=Branch1][C][=O][C]
CC(C)COC(=O)C(C)C,"InChI=1S/C8H16O2/c1-6(2)5-10-8(9)7(3)4/h6-7H,5H2,1-4H3",[C][C][Branch1][C][C][C][O][C][=Branch1][C][=O][C][Branch1][C][C][C]
CC(C)(C)OC,"InChI=1S/C5H12O/c1-5(2,3)6-4/h1-4H3",[C][C][Branch1][C][C][Branch1][C][C][O][C]
C1=C[C@@H]([C@@H]2[C@H]1[C@@]3(C(=C([C@]2(C3(Cl)Cl)Cl)Cl)Cl)Cl)Cl,"InChI=1S/C10H5Cl7/c11-4-2-1-3-5(4)9(15)7(13)6(12)8(3,14)10(9,16)17/h1-5H/t3-,4-,5-,8-,9+/m0/s1",[C][=C][C@@H1][Branch2][Ring1][S][C@@H1][C@H1][Ring1][Branch1][C@@][Branch2][Ring1][#Branch1][C][=Branch2][Ring1][C][=C][Branch1][=C][C@][Ring1][=Branch1][Branch1][Branch2][C][Ring1][Branch1][Branch1][C][Cl][Cl][Cl][Cl][Cl][Cl][Cl]
CCC(=O)CC,"InChI=1S/C5H10O/c1-3-5(6)4-2/h3-4H2,1-2H3",[C][C][C][=Branch1][C][=O][C][C]
COC(=O)C(F)(F)F,"InChI=1S/C3H3F3O2/c1-8-2(7)3(4,5)6/h1H3",[C][O][C][=Branch1][C][=O][C][Branch1][C][F][Branch1][C][F][F]
c1ccc2ccccc2c1,InChI=1S/C10H8/c1-2-6-10-8-4-3-7-9(10)5-1/h1-8H,[C][=C][C][=C][C][=C][C][=C][C][Ring1][=Branch1][=C][Ring1][#Branch2]
c1cc(c(c(c1c2cc(c(c(c2Cl)Cl)Cl)Cl)Cl)Cl)Cl,InChI=1S/C12H3Cl7/c13-6-2-1-4(8(15)10(6)17)5-3-7(14)11(18)12(19)9(5)16/h1-3H,[C][=C][C][=Branch2][Ring1][S][=C][Branch2][Ring1][O][C][=Branch2][Ring1][=Branch1][=C][Ring1][=Branch1][C][=C][C][=Branch1][=N][=C][Branch1][=Branch2][C][=Branch1][Branch1][=C][Ring1][=Branch1][Cl][Cl][Cl][Cl][Cl][Cl][Cl]
CC(=O)Oc1ccccc1C(=O)O,"InChI=1S/C9H8O4/c1-6(10)13-8-5-3-2-4-7(8)9(11)12/h2-5H,1H3,(H,11,12)",[C][C][=Branch1][C][=O][O][C][=C][C][=C][C][=C][Ring1][=Branch1][C][=Branch1][C][=O][O]
CC(=O)C(C)(C)C,"InChI=1S/C6H12O/c1-5(7)6(2,3)4/h1-4H3",[C][C][=Branch1][C][=O][C][Branch1][C][C][Branch1][C][C][C]
COS(=O)(=O)C,"InChI=1S/C2H6O3S/c1-5-6(2,3)4/h1-2H3",[C][O][S][=Branch1][C][=O][=Branch1][C][=O][C]
CCc1ccncc1,"InChI=1S/C7H9N/c1-2-7-3-5-8-6-4-7/h3-6H,2H2,1H3",[C][C][C][=C][C][=N][C][=C][Ring1][=Branch1]
CC(C)NC(C)C,"InChI=1S/C6H15N/c1-5(2)7-6(3)4/h5-7H,1-4H3",[C][C][Branch1][C][C][N][C][Branch1][C][C][C]
c1cc2c(cc1Cl)Oc3ccc(cc3O2)Cl,InChI=1S/C12H6Cl2O2/c13-7-1-3-9-11(5-7)16-10-4-2-8(14)6-12(10)15-9/h1-6H,[C][=C][C][=C][Branch1][=Branch1][C][=C][Ring1][=Branch1][Cl][O][C][=C][C][=C][Branch1][Branch2][C][=C][Ring1][=Branch1][O][Ring1][=N][Cl]
CCCCCCCN,"InChI=1S/C7H17N/c1-2-3-4-5-6-7-8/h2-8H2,1H3",[C][C][C][C][C][C][C][N]
CC1CCCC1,"InChI=1S/C6H12/c1-6-4-2-3-5-6/h6H,2-5H2,1H3",[C][C][C][C][C][C][Ring1][Branch1]
CCC,"InChI=1S/C3H8/c1-3-2/h3H2,1-2H3",[C][C][C]
C[C@H]1CCCO1,"InChI=1S/C5H10O/c1-5-3-2-4-6-5/h5H,2-4H2,1H3/t5-/m0/s1",[C][C@H1][C][C][C][O][Ring1][Branch1]
CNC(=O)Oc1cccc2c1cccc2,"InChI=1S/C12H11NO2/c1-13-12(14)15-11-8-4-6-9-5-2-3-7-10(9)11/h2-8H,1H3,(H,13,14)",[C][N][C][=Branch1][C][=O][O][C][=C][C][=C][C][=C][Ring1][=Branch1][C][=C][C][=C][Ring1][=Branch1]
c1cc(cc(c1)O)C=O,"InChI=1S/C7H6O2/c8-5-6-2-1-3-7(9)4-6/h1-5,9H",[C][=C][C][=Branch1][=Branch2][=C][C][=Branch1][Ring2][=C][Ring1][=Branch1][O][C][=O]
c1ccc2cc3ccccc3cc2c1,InChI=1S/C14H10/c1-2-6-12-10-14-8-4-3-7-13(14)9-11(12)5-1/h1-10H,[C][=C][C][=C][C][=C][C][=C][C][=C][C][Ring1][=Branch1][=C][C][Ring1][#Branch2][=C][Ring1][=C]
C(Cl)Cl,InChI=1S/CH2Cl2/c2-1-3/h1H2,[C][Branch1][C][Cl][Cl]
CC(C)(C)C(=O)OC,"InChI=1S/C6H12O2/c1-6(2,3)5(7)8-4/h1-4H3",[C][C][Branch1][C][C][Branch1][C][C][C][=Branch1][C][=O][O][C]
C([N+](=O)[O-])(Cl)(Cl)Cl,"InChI=1S/CCl3NO2/c2-1(3,4)5(6)7",[C][Branch1][=Branch1][N+1][=Branch1][C][=O][O-1][Branch1][C][Cl][Branch1][C][Cl][Cl]
C1CC[S+2](C1)([O-])[O-],InChI=1S/C4H8O2S/c5-7(6)3-1-2-4-7/h1-4H2,[C][C][C][S+2][Branch1][Ring2][C][Ring1][Branch1][Branch1][C][O-1][O-1]
Cc1cccc(c1O)C,"InChI=1S/C8H10O/c1-6-4-3-5-7(2)8(6)9/h3-5,9H,1-2H3",[C][C][=C][C][=C][C][=Branch1][Branch1][=C][Ring1][=Branch1][O][C]
Cc1cccc(c1)O,"InChI=1S/C7H8O/c1-6-3-2-4-7(8)5-6/h2-5,8H,1H3",[C][C][=C][C][=C][C][=Branch1][Ring2][=C][Ring1][=Branch1][O]
c1ccc2c(c1)C(=O)c3c(ccc(c3C2=O)O)N,"InChI=1S/C14H9NO3/c15-9-5-6-10(16)12-11(9)13(17)7-3-1-2-4-8(7)14(12)18/h1-6,16H,15H2",[C][=C][C][=C][C][=Branch1][Ring2][=C][Ring1][=Branch1][C][=Branch1][C][=O][C][=C][Branch1][=C][C][=C][C][=Branch1][Branch2][=C][Ring1][=Branch1][C][Ring1][N][=O][O][N]
c1ccc2c(c1)C(=O)c3c(ccc(c3C2=O)N)N,"InChI=1S/C14H10N2O2/c15-9-5-6-10(16)12-11(9)13(17)7-3-1-2-4-8(7)14(12)18/h1-6H,15-16H2",[C][=C][C][=C][C][=Branch1][Ring2][=C][Ring1][=Branch1][C][=Branch1][C][=O][C][=C][Branch1][=C][C][=C][C][=Branch1][Branch2][=C][Ring1][=Branch1][C][Ring1][N][=O][N][N]
CCCCCCCC(=O)C,"InChI=1S/C9H18O/c1-3-4-5-6-7-8-9(2)10/h3-8H2,1-2H3",[C][C][C][C][C][C][C][C][=Branch1][C][=O][C]
CCCCN,"InChI=1S/C4H11N/c1-2-3-4-5/h2-5H2,1H3",[C][C][C][C][N]
CCCC(=O)OCC,"InChI=1S/C6H12O2/c1-3-5-6(7)8-4-2/h3-5H2,1-2H3",[C][C][C][C][=Branch1][C][=O][O][C][C]
Cc1ccc(cc1)N,"InChI=1S/C7H9N/c1-6-2-4-7(8)5-3-6/h2-5H,8H2,1H3",[C][C][=C][C][=C][Branch1][Branch1][C][=C][Ring1][=Branch1][N]
CCCCCCI,"InChI=1S/C6H13I/c1-2-3-4-5-6-7/h2-6H2,1H3",[C][C][C][C][C][C][I]
C(C(F)(Cl)Cl)(F)(F)Cl,"InChI=1S/C2Cl3F3/c3-1(4,6)2(5,7)8",[C][Branch1][=Branch2][C][Branch1][C][F][Branch1][C][Cl][Cl][Branch1][C][F][Branch1][C][F][Cl]
COP(=O)(OC)OC,"InChI=1S/C3H9O4P/c1-5-8(4,6-2)7-3/h1-3H3",[C][O][P][=Branch1][C][=O][Branch1][Ring1][O][C][O][C]
c1cc(cc(c1)Cl)Cl,InChI=1S/C6H4Cl2/c7-5-2-1-3-6(8)4-5/h1-4H,[C][=C][C][=Branch1][=Branch2][=C][C][=Branch1][Ring2][=C][Ring1][=Branch1][Cl][Cl]
Cc1cc(c2ccccc2c1)C,"InChI=1S/C12H12/c1-9-7-10(2)12-6-4-3-5-11(12)8-9/h3-8H,1-2H3",[C][C][=C][C][=Branch1][N][=C][C][=C][C][=C][C][Ring1][=Branch1][=C][Ring1][#Branch2][C]
CCCC(C)C,"InChI=1S/C6H14/c1-4-5-6(2)3/h6H,4-5H2,1-3H3",[C][C][C][C][Branch1][C][C][C]
CCOP(=S)(OCC)Oc1c(cc(c(n1)Cl)Cl)Cl,"InChI=1S/C9H11Cl3NO3PS/c1-3-14-17(18,15-4-2)16-9-7(11)5-6(10)8(12)13-9/h5H,3-4H2,1-2H3",[C][C][O][P][=Branch1][C][=S][Branch1][Ring2][O][C][C][O][C][=C][Branch1][=N][C][=C][Branch1][Branch2][C][=Branch1][Ring2][=N][Ring1][=Branch1][Cl][Cl][Cl]
C(C(F)(F)F)Cl,"InChI=1S/C2H2ClF3/c3-1-2(4,5)6/h1H2",[C][Branch1][=Branch2][C][Branch1][C][F][Branch1][C][F][F][Cl]
C=C,InChI=1S/C2H4/c1-2/h1-2H2,[C][=C]
CCCCCI,"InChI=1S/C5H11I/c1-2-3-4-5-6/h2-5H2,1H3",[C][C][C][C][C][I]
COC(OC)OC,"InChI=1S/C4H10O3/c1-5-4(6-2)7-3/h4H,1-3H3",[C][O][C][Branch1][Ring1][O][C][O][C]
CCCCCCCCCC,"InChI=1S/C10H22/c1-3-5-7-9-10-8-6-4-2/h3-10H2,1-2H3",[C][C][C][C][C][C][C][C][C][C]
C[C@@H](CO[N+](=O)[O-])O[N+](=O)[O-],"InChI=1S/C3H6N2O6/c1-3(11-5(8)9)2-10-4(6)7/h3H,2H2,1H3/t3-/m0/s1",[C][C@@H1][Branch1][Branch2][C][O][N+1][=Branch1][C][=O][O-1][O][N+1][=Branch1][C][=O][O-1]
CC=C,"InChI=1S/C3H6/c1-3-2/h3H,1H2,2H3",[C][C][=C]
Cc1c[nH]c2c1cccc2,"InChI=1S/C9H9N/c1-7-6-10-9-5-3-2-4-8(7)9/h2-6,10H,1H3",[C][C][=C][NH1][C][=C][Ring1][Branch1][C][=C][C][=C][Ring1][=Branch1]
COP(=O)([C@H](C(Cl)(Cl)Cl)O)OC,"InChI=1S/C4H8Cl3O4P/c1-10-12(9,11-2)3(8)4(5,6)7/h3,8H,1-2H3/t3-/m1/s1",[C][O][P][=Branch1][C][=O][Branch1][=N][C@H1][Branch1][=Branch2][C][Branch1][C][Cl][Branch1][C][Cl][Cl][O][O][C]
C1CCCCC1,InChI=1S/C6H12/c1-2-4-6-5-3-1/h1-6H2,[C][C][C][C][C][C][Ring1][=Branch1]
CC(=CCC/C(=C/CO)/C)C,"InChI=1S/C10H18O/c1-9(2)5-4-6-10(3)7-8-11/h5,7,11H,4,6,8H2,1-3H3/b10-7+",[C][C][=Branch1][O][=C][C][C][/C][=Branch1][Ring2][=C][/C][O][/C][C]
CC(C)c1ccccc1,"InChI=1S/C9H12/c1-8(2)9-6-4-3-5-7-9/h3-8H,1-2H3",[C][C][Branch1][C][C][C][=C][C][=C][C][=C][Ring1][=Branch1]
CC(C)C(C)C(C)C,"InChI=1S/C8H18/c1-6(2)8(5)7(3)4/h6-8H,1-5H3",[C][C][Branch1][C][C][C][Branch1][C][C][C][Branch1][C][C][C]
CC(C)C(=O)C,"InChI=1S/C5H10O/c1-4(2)5(3)6/h4H,1-3H3",[C][C][Branch1][C][C][C][=Branch1][C][=O][C]
CCCCNCCCC,"InChI=1S/C8H19N/c1-3-5-7-9-8-6-4-2/h9H,3-8H2,1-2H3",[C][C][C][C][N][C][C][C][C]
CCCCS,"InChI=1S/C4H10S/c1-2-3-4-5/h5H,2-4H2,1H3",[C][C][C][C][S]
c1ccc2c(c1)Oc3c(c(c(c(c3Cl)Cl)Cl)Cl)O2,InChI=1S/C12H4Cl4O2/c13-7-8(14)10(16)12-11(9(7)15)17-5-3-1-2-4-6(5)18-12/h1-4H,[C][=C][C][=C][C][=Branch1][Ring2][=C][Ring1][=Branch1][O][C][=C][Branch1][P][C][=Branch1][=N][=C][Branch1][=Branch2][C][=Branch1][Branch1][=C][Ring1][=Branch1][Cl][Cl][Cl][Cl][O][Ring1][#C]
COc1c(c(c(c(c1Cl)C=O)Cl)OC)O,"InChI=1S/C9H8Cl2O4/c1-14-8-5(10)4(3-12)6(11)9(15-2)7(8)13/h3,13H,1-2H3",[C][O][C][=C][Branch2][Ring1][Ring1][C][=Branch1][=C][=C][Branch1][#Branch2][C][=Branch1][Branch1][=C][Ring1][=Branch1][Cl][C][=O][Cl][O][C][O]
C1CCC(CC1)N,"InChI=1S/C6H13N/c7-6-4-2-1-3-5-6/h6H,1-5,7H2",[C][C][C][C][Branch1][Branch1][C][C][Ring1][=Branch1][N]
C(F)(F)Cl,InChI=1S/CHClF2/c2-1(3)4/h1H,[C][Branch1][C][F][Branch1][C][F][Cl]
COC(=O)c1ccc(cc1)[N+](=O)[O-],"InChI=1S/C8H7NO4/c1-13-8(10)6-2-4-7(5-3-6)9(11)12/h2-5H,1H3",[C][O][C][=Branch1][C][=O][C][=C][C][=C][Branch1][Branch1][C][=C][Ring1][=Branch1][N+1][=Branch1][C][=O][O-1]
CC(=O)c1cccnc1,"InChI=1S/C7H7NO/c1-6(9)7-3-2-4-8-5-7/h2-5H,1H3",[C][C][=Branch1][C][=O][C][=C][C][=C][N][=C][Ring1][=Branch1]
CC#C,"InChI=1S/C3H4/c1-3-2/h1H,2H3",[C][C][#C]
CCCCCCCCC=O,"InChI=1S/C9H18O/c1-2-3-4-5-6-7-8-9-10/h9H,2-8H2,1H3",[C][C][C][C][C][C][C][C][C][=O]
CCC(=O)O,"InChI=1S/C3H6O2/c1-2-3(4)5/h2H2,1H3,(H,4,5)",[C][C][C][=Branch1][C][=O][O]
C(Cl)(Cl)Cl,InChI=1S/CHCl3/c2-1(3)4/h1H,[C][Branch1][C][Cl][Branch1][C][Cl][Cl]
Cc1cccc(c1C)C,"InChI=1S/C9H12/c1-7-5-4-6-8(2)9(7)3/h4-6H,1-3H3",[C][C][=C][C][=C][C][=Branch1][Branch1][=C][Ring1][=Branch1][C][C]
C,InChI=1S/CH4/h1H4,[C]
c1ccc(cc1)CCl,"InChI=1S/C7H7Cl/c8-6-7-4-2-1-3-5-7/h1-5H,6H2",[C][=C][C][=C][Branch1][Branch1][C][=C][Ring1][=Branch1][C][Cl]
CC1CCCCC1,"InChI=1S/C7H14/c1-7-5-3-2-4-6-7/h7H,2-6H2,1H3",[C][C][C][C][C][C][C][Ring1][=Branch1]
Cc1cccs1,"InChI=1S/C5H6S/c1-5-3-2-4-6-5/h2-4H,1H3",[C][C][=C][C][=C][S][Ring1][Branch1]
c1ccncc1,InChI=1S/C5H5N/c1-2-4-6-5-3-1/h1-5H,[C][=C][C][=N][C][=C][Ring1][=Branch1]
CCCCCl,"InChI=1S/C4H9Cl/c1-2-3-4-5/h2-4H2,1H3",[C][C][C][C][Cl]
C[C@H]1CC[C@@H](O1)C,"InChI=1S/C6H12O/c1-5-3-4-6(2)7-5/h5-6H,3-4H2,1-2H3/t5-,6-/m0/s1",[C][C@H1][C][C][C@@H1][Branch1][Ring2][O][Ring1][Branch1][C]
Cc1ccc(c(c1)OC)O,"InChI=1S/C8H10O2/c1-6-3-4-7(9)8(5-6)10-2/h3-5,9H,1-2H3",[C][C][=C][C][=C][Branch1][=Branch2][C][=Branch1][Ring2][=C][Ring1][=Branch1][O][C][O]
C1[C@H]([C@@H]2[C@H]([C@H]1Cl)[C@]3(C(=C([C@@]2(C3(Cl)Cl)Cl)Cl)Cl)Cl)Cl,"InChI=1S/C10H6Cl8/c11-2-1-3(12)5-4(2)8(15)6(13)7(14)9(5,16)10(8,17)18/h2-5H,1H2/t2-,3+,4-,5+,8+,9-",[C][C@H1][Branch2][Ring2][Ring2][C@@H1][C@H1][Branch1][Branch1][C@H1][Ring1][Branch1][Cl][C@][Branch2][Ring1][#Branch1][C][=Branch2][Ring1][C][=C][Branch1][=C][C@@][Ring1][Branch2][Branch1][Branch2][C][Ring1][Branch1][Branch1][C][Cl][Cl][Cl][Cl][Cl][Cl][Cl]
Cc1ccccc1,"InChI=1S/C7H8/c1-7-5-3-2-4-6-7/h2-6H,1H3",[C][C][=C][C][=C][C][=C][Ring1][=Branch1]
CC(C)COC=O,"InChI=1S/C5H10O2/c1-5(2)3-7-4-6/h4-5H,3H2,1-2H3",[C][C][Branch1][C][C][C][O][C][=O]
CCOC(=O)c1ccc(cc1)O,"InChI=1S/C9H10O3/c1-2-12-9(11)7-3-5-8(10)6-4-7/h3-6,10H,2H2,1H3",[C][C][O][C][=Branch1][C][=O][C][=C][C][=C][Branch1][Branch1][C][=C][Ring1][=Branch1][O]
CCOCCOCC,"InChI=1S/C6H14O2/c1-3-7-5-6-8-4-2/h3-6H2,1-2H3",[C][C][O][C][C][O][C][C]
CCCCCOC(=O)CC,"InChI=1S/C8H16O2/c1-3-5-6-7-10-8(9)4-2/h3-7H2,1-2H3",[C][C][C][C][C][O][C][=Branch1][C][=O][C][C]
CCCc1ccc(cc1)O,"InChI=1S/C9H12O/c1-2-3-8-4-6-9(10)7-5-8/h4-7,10H,2-3H2,1H3",[C][C][C][C][=C][C][=C][Branch1][Branch1][C][=C][Ring1][=Branch1][O]
CC=C(C)C,"InChI=1S/C5H10/c1-4-5(2)3/h4H,1-3H3",[C][C][=C][Branch1][C][C][C]
C(CCl)Cl,InChI=1S/C2H4Cl2/c3-1-2-4/h1-2H2,[C][Branch1][Ring1][C][Cl][Cl]
CCC(C)(C)CC,"InChI=1S/C7H16/c1-5-7(3,4)6-2/h5-6H2,1-4H3",[C][C][C][Branch1][C][C][Branch1][C][C][C][C]
Cc1cc2ccccc2cc1C,"InChI=1S/C12H12/c1-9-7-11-5-3-4-6-12(11)8-10(9)2/h3-8H,1-2H3",[C][C][=C][C][=C][C][=C][C][=C][Ring1][=Branch1][C][=C][Ring1][#Branch2][C]
Cc1cccc(n1)C,"InChI=1S/C7H9N/c1-6-4-3-5-7(2)8-6/h3-5H,1-2H3",[C][C][=C][C][=C][C][=Branch1][Ring2][=N][Ring1][=Branch1][C]
COC(C(Cl)Cl)(F)F,"InChI=1S/C3H4Cl2F2O/c1-8-3(6,7)2(4)5/h2H,1H3",[C][O][C][Branch1][=Branch1][C][Branch1][C][Cl][Cl][Branch1][C][F][F]
CCOCCOC(=O)C,"InChI=1S/C6H12O3/c1-3-8-4-5-9-6(2)7/h3-5H2,1-2H3",[C][C][O][C][C][O][C][=Branch1][C][=O][C]
COc1cccc(c1)N,"InChI=1S/C7H9NO/c1-9-7-4-2-3-6(8)5-7/h2-5H,8H2,1H3",[C][O][C][=C][C][=C][C][=Branch1][Ring2][=C][Ring1][=Branch1][N]
c1cc(cnc1)C=O,InChI=1S/C6H5NO/c8-5-6-2-1-3-7-4-6/h1-5H,[C][=C][C][=Branch1][=Branch1][=C][N][=C][Ring1][=Branch1][C][=O]
CCC(C)(C)O,"InChI=1S/C5H12O/c1-4-5(2,3)6/h6H,4H2,1-3H3",[C][C][C][Branch1][C][C][Branch1][C][C][O]
CCc1cccc(c1N(COC)C(=O)CCl)CC,"InChI=1S/C14H20ClNO2/c1-4-11-7-6-8-12(5-2)14(11)16(10-18-3)13(17)9-15/h6-8H,4-5,9-10H2,1-3H3",[C][C][C][=C][C][=C][C][=Branch1][S][=C][Ring1][=Branch1][N][Branch1][Ring2][C][O][C][C][=Branch1][C][=O][C][Cl][C][C]
Cn1cccc1,"InChI=1S/C5H7N/c1-6-4-2-3-5-6/h2-5H,1H3",[C][N][C][=C][C][=C][Ring1][Branch1]
COCOC,"InChI=1S/C3H8O2/c1-4-3-5-2/h3H2,1-2H3",[C][O][C][O][C]
CCC(CC)O,"InChI=1S/C5H12O/c1-3-5(6)4-2/h5-6H,3-4H2,1-2H3",[C][C][C][Branch1][Ring1][C][C][O]
CCCCCCCCCC(=O)C,"InChI=1S/C11H22O/c1-3-4-5-6-7-8-9-10-11(2)12/h3-10H2,1-2H3",[C][C][C][C][C][C][C][C][C][C][=Branch1][C][=O][C]
C(CBr)Cl,InChI=1S/C2H4BrCl/c3-1-2-4/h1-2H2,[C][Branch1][Ring1][C][Br][Cl]
c1ccc(cc1)I,InChI=1S/C6H5I/c7-6-4-2-1-3-5-6/h1-5H,[C][=C][C][=C][Branch1][Branch1][C][=C][Ring1][=Branch1][I]
CC1=CC(=O)CC(C1)(C)C,"InChI=1S/C9H14O/c1-7-4-8(10)6-9(2,3)5-7/h4H,5-6H2,1-3H3",[C][C][=C][C][=Branch1][C][=O][C][C][Branch1][Ring2][C][Ring1][#Branch1][Branch1][C][C][C]
CCI,"InChI=1S/C2H5I/c1-2-3/h2H2,1H3",[C][C][I]
CCCc1ccc(c(c1)OC)O,"InChI=1S/C10H14O2/c1-3-4-8-5-6-9(11)10(7-8)12-2/h5-7,11H,3-4H2,1-2H3",[C][C][C][C][=C][C][=C][Branch1][=Branch2][C][=Branch1][Ring2][=C][Ring1][=Branch1][O][C][O]
CC(C)Br,"InChI=1S/C3H7Br/c1-3(2)4/h3H,1-2H3",[C][C][Branch1][C][C][Br]
Cc1ccc(cc1)Br,"InChI=1S/C7H7Br/c1-6-2-4-7(8)5-3-6/h2-5H,1H3",[C][C][=C][C][=C][Branch1][Branch1][C][=C][Ring1][=Branch1][Br]
c1cc(ccc1C#N)O,"InChI=1S/C7H5NO/c8-5-6-1-3-7(9)4-2-6/h1-4,9H",[C][=C][C][=Branch1][Branch2][=C][C][=C][Ring1][=Branch1][C][#N][O]
CS(=O)(=O)C,"InChI=1S/C2H6O2S/c1-5(2,3)4/h1-2H3",[C][S][=Branch1][C][=O][=Branch1][C][=O][C]
CCc1cccc(c1)O,"InChI=1S/C8H10O/c1-2-7-4-3-5-8(9)6-7/h3-6,9H,2H2,1H3",[C][C][C][=C][C][=C][C][=Branch1][Ring2][=C][Ring1][=Branch1][O]
CC1=CC[C@H](C[C@@H]1O)C(=C)C,"InChI=1S/C10H16O/c1-7(2)9-5-4-8(3)10(11)6-9/h4,9-11H,1,5-6H2,2-3H3/t9-,10+/m1/s1",[C][C][=C][C][C@H1][Branch1][=Branch1][C][C@@H1][Ring1][=Branch1][O][C][=Branch1][C][=C][C]
c1cc(ccc1Br)Br,InChI=1S/C6H4Br2/c7-5-1-2-6(8)4-3-5/h1-4H,[C][=C][C][=Branch1][#Branch1][=C][C][=C][Ring1][=Branch1][Br][Br]
COc1c(ccc(c1C(=O)O)Cl)Cl,"InChI=1S/C8H6Cl2O3/c1-13-7-5(10)3-2-4(9)6(7)8(11)12/h2-3H,1H3,(H,11,12)",[C][O][C][=C][Branch1][#C][C][=C][C][=Branch1][=Branch2][=C][Ring1][=Branch1][C][=Branch1][C][=O][O][Cl][Cl]
CC/C=C\C,"InChI=1S/C5H10/c1-3-5-4-2/h3,5H,4H2,1-2H3/b5-3-",[C][C][/C][=C][\C]
CC,InChI=1S/C2H6/c1-2/h1-2H3,[C][C]
COc1ccccc1OC,"InChI=1S/C8H10O2/c1-9-7-5-3-4-6-8(7)10-2/h3-6H,1-2H3",[C][O][C][=C][C][=C][C][=C][Ring1][=Branch1][O][C]
CCSCC,"InChI=1S/C4H10S/c1-3-5-4-2/h3-4H2,1-2H3",[C][C][S][C][C]
c1cc(cnc1)C#N,"InChI=1S/C6H4N2/c7-4-6-2-1-3-8-5-6/h1-3,5H",[C][=C][C][=Branch1][=Branch1][=C][N][=C][Ring1][=Branch1][C][#N]
c1cc(c(cc1O)Cl)Cl,"InChI=1S/C6H4Cl2O/c7-5-2-1-4(9)3-6(5)8/h1-3,9H",[C][=C][C][=Branch1][#Branch2][=C][Branch1][=Branch1][C][=C][Ring1][=Branch1][O][Cl][Cl]
COc1ccccc1,"InChI=1S/C7H8O/c1-8-7-5-3-2-4-6-7/h2-6H,1H3",[C][O][C][=C][C][=C][C][=C][Ring1][=Branch1]
Cc1ccc(c(c1)O)C,"InChI=1S/C8H10O/c1-6-3-4-7(2)8(9)5-6/h3-5,9H,1-2H3",[C][C][=C][C][=C][Branch1][Branch2][C][=Branch1][Ring2][=C][Ring1][=Branch1][O][C]
c1cc(ccc1Cl)Cl,InChI=1S/C6H4Cl2/c7-5-1-2-6(8)4-3-5/h1-4H,[C][=C][C][=Branch1][#Branch1][=C][C][=C][Ring1][=Branch1][Cl][Cl]
C(F)Cl,InChI=1S/CH2ClF/c2-1-3/h1H2,[C][Branch1][C][F][Cl]
CCCC=C,"InChI=1S/C5H10/c1-3-5-4-2/h3H,1,4-5H2,2H3",[C][C][C][C][=C]
c1cc(c(c(c1Cl)Cl)Cl)Cl,InChI=1S/C6H2Cl4/c7-3-1-2-4(8)6(10)5(3)9/h1-2H,[C][=C][C][=Branch1][=N][=C][Branch1][=Branch2][C][=Branch1][Branch1][=C][Ring1][=Branch1][Cl][Cl][Cl][Cl]
CCCCCC#C,"InChI=1S/C7H12/c1-3-5-7-6-4-2/h1H,4-7H2,2H3",[C][C][C][C][C][C][#C]
CCCCCCCCC(=O)C,"InChI=1S/C10H20O/c1-3-4-5-6-7-8-9-10(2)11/h3-9H2,1-2H3",[C][C][C][C][C][C][C][C][C][=Branch1][C][=O][C]
c1ccc(cc1)Cl,InChI=1S/C6H5Cl/c7-6-4-2-1-3-5-6/h1-5H,[C][=C][C][=C][Branch1][Branch1][C][=C][Ring1][=Branch1][Cl]
CN(C)CCOC(c1ccccc1)c2ccccc2,"InChI=1S/C17H21NO/c1-18(2)13-14-19-17(15-9-5-3-6-10-15)16-11-7-4-8-12-16/h3-12,17H,13-14H2,1-2H3",[C][N][Branch1][C][C][C][C][O][C][Branch1][=Branch2][C][=C][C][=C][C][=C][Ring1][=Branch1][C][=C][C][=C][C][=C][Ring1][=Branch1]
CCCCC=O,"InChI=1S/C5H10O/c1-2-3-4-5-6/h5H,2-4H2,1H3",[C][C][C][C][C][=O]
c1ccc(cc1)Oc2ccccc2,InChI=1S/C12H10O/c1-3-7-11(8-4-1)13-12-9-5-2-6-10-12/h1-10H,[C][=C][C][=C][Branch1][Branch1][C][=C][Ring1][=Branch1][O][C][=C][C][=C][C][=C][Ring1][=Branch1]
C1CCC(=O)CC1,InChI=1S/C6H10O/c7-6-4-2-1-3-5-6/h1-5H2,[C][C][C][C][=Branch1][C][=O][C][C][Ring1][#Branch1]
CCCC[N+](=O)[O-],"InChI=1S/C4H9NO2/c1-2-3-4-5(6)7/h2-4H2,1H3",[C][C][C][C][N+1][=Branch1][C][=O][O-1]
c1cnccc1C=O,InChI=1S/C6H5NO/c8-5-6-1-3-7-4-2-6/h1-5H,[C][=C][N][=C][C][=C][Ring1][=Branch1][C][=O]
C(CCl)OCCCl,InChI=1S/C4H8Cl2O/c5-1-3-7-4-2-6/h1-4H2,[C][Branch1][Ring1][C][Cl][O][C][C][Cl]
CC[N+](=O)[O-],"InChI=1S/C2H5NO2/c1-2-3(4)5/h2H2,1H3",[C][C][N+1][=Branch1][C][=O][O-1]
c1cc(cnc1)Cl,InChI=1S/C5H4ClN/c6-5-2-1-3-7-4-5/h1-4H,[C][=C][C][=Branch1][=Branch1][=C][N][=C][Ring1][=Branch1][Cl]
CBr,InChI=1S/CH3Br/c1-2/h1H3,[C][Br]
CO,"InChI=1S/CH4O/c1-2/h2H,1H3",[C][O]
CCCCCCC=O,"InChI=1S/C7H14O/c1-2-3-4-5-6-7-8/h7H,2-6H2,1H3",[C][C][C][C][C][C][C][=O]
c1cc(c(c(c1)Cl)c2c(cccc2Cl)Cl)Cl,InChI=1S/C12H6Cl4/c13-7-3-1-4-8(14)11(7)12-9(15)5-2-6-10(12)16/h1-6H,[C][=C][C][=Branch2][Ring1][#Branch1][=C][Branch1][Branch2][C][=Branch1][Ring2][=C][Ring1][=Branch1][Cl][C][=C][Branch1][Branch2][C][=C][C][=C][Ring1][=Branch1][Cl][Cl][Cl]
c1ccc(c(c1)N)[N+](=O)[O-],"InChI=1S/C6H6N2O2/c7-5-3-1-2-4-6(5)8(9)10/h1-4H,7H2",[C][=C][C][=C][Branch1][Branch2][C][=Branch1][Ring2][=C][Ring1][=Branch1][N][N+1][=Branch1][C][=O][O-1]
CN1CCCCC1,"InChI=1S/C6H13N/c1-7-5-3-2-4-6-7/h2-6H2,1H3",[C][N][C][C][C][C][C][Ring1][=Branch1]
CCCCCCCC=O,"InChI=1S/C8H16O/c1-2-3-4-5-6-7-8-9/h8H,2-7H2,1H3",[C][C][C][C][C][C][C][C][=O]
c1ccc(cc1)[N+](=O)[O-],InChI=1S/C6H5NO2/c8-7(9)6-4-2-1-3-5-6/h1-5H,[C][=C][C][=C][Branch1][Branch1][C][=C][Ring1][=Branch1][N+1][=Branch1][C][=O][O-1]
C[C@@H]1CC[C@H](C(=O)C1)C(C)C,"InChI=1S/C10H18O/c1-7(2)9-5-4-8(3)6-10(9)11/h7-9H,4-6H2,1-3H3/t8-,9+/m1/s1",[C][C@@H1][C][C][C@H1][Branch1][Branch2][C][=Branch1][C][=O][C][Ring1][#Branch1][C][Branch1][C][C][C]
C([C@@H]1[C@H]([C@@H]([C@H]([C@@H](O1)O)O)O)O)O,"InChI=1S/C6H12O6/c7-1-2-3(8)4(9)5(10)6(11)12-2/h2-11H,1H2/t2-,3-,4+,5-,6-/m1/s1",[C][Branch2][Ring1][Branch1][C@@H1][C@H1][Branch1][S][C@@H1][Branch1][N][C@H1][Branch1][Branch2][C@@H1][Branch1][Ring2][O][Ring1][=Branch1][O][O][O][O][O]
CF,InChI=1S/CH3F/c1-2/h1H3,[C][F]
CS(=O)C,InChI=1S/C2H6OS/c1-4(2)3/h1-2H3,[C][S][=Branch1][C][=O][C]
c1ccc2c(c1)Oc3ccccc3O2,InChI=1S/C12H8O2/c1-2-6-10-9(5-1)13-11-7-3-4-8-12(11)14-10/h1-8H,[C][=C][C][=C][C][=Branch1][Ring2][=C][Ring1][=Branch1][O][C][=C][C][=C][C][=C][Ring1][=Branch1][O][Ring1][O]
Cc1ccccc1N,"InChI=1S/C7H9N/c1-6-4-2-3-5-7(6)8/h2-5H,8H2,1H3",[C][C][=C][C][=C][C][=C][Ring1][=Branch1][N]
CCCCBr,"InChI=1S/C4H9Br/c1-2-3-4-5/h2-4H2,1H3",[C][C][C][C][Br]
CCCCCCCCCO,"InChI=1S/C9H20O/c1-2-3-4-5-6-7-8-9-10/h10H,2-9H2,1H3",[C][C][C][C][C][C][C][C][C][O]
Cc1ccncc1,"InChI=1S/C6H7N/c1-6-2-4-7-5-3-6/h2-5H,1H3",[C][C][=C][C][=N][C][=C][Ring1][=Branch1]
C(=C(Cl)Cl)(Cl)Cl,InChI=1S/C2Cl4/c3-1(4)2(5)6,[C][=Branch1][=Branch1][=C][Branch1][C][Cl][Cl][Branch1][C][Cl][Cl]
CC(C)(C)Br,"InChI=1S/C4H9Br/c1-4(2,3)5/h1-3H3",[C][C][Branch1][C][C][Branch1][C][C][Br]
C=C(c1ccccc1)c2ccccc2,"InChI=1S/C14H12/c1-12(13-8-4-2-5-9-13)14-10-6-3-7-11-14/h2-11H,1H2",[C][=C][Branch1][=Branch2][C][=C][C][=C][C][=C][Ring1][=Branch1][C][=C][C][=C][C][=C][Ring1][=Branch1]
CCc1ccc(cc1)C,"InChI=1S/C9H12/c1-3-9-6-4-8(2)5-7-9/h4-7H,3H2,1-2H3",[C][C][C][=C][C][=C][Branch1][Branch1][C][=C][Ring1][=Branch1][C]
Cc1cccnc1,"InChI=1S/C6H7N/c1-6-3-2-4-7-5-6/h2-5H,1H3",[C][C][=C][C][=C][N][=C][Ring1][=Branch1]
COCC(OC)(OC)OC,"InChI=1S/C6H14O4/c1-7-5-6(8-2,9-3)10-4/h5H2,1-4H3",[C][O][C][C][Branch1][Ring1][O][C][Branch1][Ring1][O][C][O][C]
c1ccc-2c(c1)Cc3c2cccc3,"InChI=1S/C13H10/c1-3-7-12-10(5-1)9-11-6-2-4-8-13(11)12/h1-8H,9H2",[C][=C][C][=C][C][=Branch1][Ring2][=C][Ring1][=Branch1][C][C][=C][Ring1][=Branch1][C][=C][C][=C][Ring1][=Branch1]
CC(=O)N,"InChI=1S/C2H5NO/c1-2(3)4/h1H3,(H2,3,4)",[C][C][=Branch1][C][=O][N]
COS(=O)(=O)OC,"InChI=1S/C2H6O4S/c1-5-7(3,4)6-2/h1-2H3",[C][O][S][=Branch1][C][=O][=Branch1][C][=O][O][C]
C(C(Cl)Cl)(Cl)Cl,InChI=1S/C2H2Cl4/c3-1(4)2(5)6/h1-2H,[C][Branch1][=Branch1][C][Branch1][C][Cl][Cl][Branch1][C][Cl][Cl]
COC(=O)C1CCCCC1,"InChI=1S/C8H14O2/c1-10-8(9)7-5-3-2-4-6-7/h7H,2-6H2,1H3",[C][O][C][=Branch1][C][=O][C][C][C][C][C][C][Ring1][=Branch1]
CCCCCCBr,"InChI=1S/C6H13Br/c1-2-3-4-5-6-7/h2-6H2,1H3",[C][C][C][C][C][C][Br]
CCCCCCCBr,"InChI=1S/C7H15Br/c1-2-3-4-5-6-7-8/h2-7H2,1H3",[C][C][C][C][C][C][C][Br]
c1ccc2c(c1)Oc3cccc(c3O2)Cl,InChI=1S/C12H7ClO2/c13-8-4-3-7-11-12(8)15-10-6-2-1-5-9(10)14-11/h1-7H,[C][=C][C][=C][C][=Branch1][Ring2][=C][Ring1][=Branch1][O][C][=C][C][=C][C][=Branch1][#Branch1][=C][Ring1][=Branch1][O][Ring1][O][Cl]
COC(CC#N)(OC)OC,"InChI=1S/C6H11NO3/c1-8-6(9-2,10-3)4-5-7/h4H2,1-3H3",[C][O][C][Branch1][Ring2][C][C][#N][Branch1][Ring1][O][C][O][C]
CC[C@H](C)Cl,"InChI=1S/C4H9Cl/c1-3-4(2)5/h4H,3H2,1-2H3/t4-/m0/s1",[C][C][C@H1][Branch1][C][C][Cl]
CCCCCCc1ccccc1,"InChI=1S/C12H18/c1-2-3-4-6-9-12-10-7-5-8-11-12/h5,7-8,10-11H,2-4,6,9H2,1H3",[C][C][C][C][C][C][C][=C][C][=C][C][=C][Ring1][=Branch1]
COc1cc(c(c(c1O)OC)Cl)C=O,"InChI=1S/C9H9ClO4/c1-13-6-3-5(4-11)7(10)9(14-2)8(6)12/h3-4,12H,1-2H3",[C][O][C][=C][C][=Branch1][=C][=C][Branch1][#Branch2][C][=Branch1][Branch1][=C][Ring1][=Branch1][O][O][C][Cl][C][=O]
c1cc(cc(c1)C(F)(F)F)C(F)(F)F,"InChI=1S/C8H4F6/c9-7(10,11)5-2-1-3-6(4-5)8(12,13)14/h1-4H",[C][=C][C][=Branch1][S][=C][C][=Branch1][Ring2][=C][Ring1][=Branch1][C][Branch1][C][F][Branch1][C][F][F][C][Branch1][C][F][Branch1][C][F][F]
c1ccc(cc1)Cn2ccnc2,"InChI=1S/C10H10N2/c1-2-4-10(5-3-1)8-12-7-6-11-9-12/h1-7,9H,8H2",[C][=C][C][=C][Branch1][Branch1][C][=C][Ring1][=Branch1][C][N][C][=C][N][=C][Ring1][Branch1]
c1ccc2c(c1)cccc2N,"InChI=1S/C10H9N/c11-10-7-3-5-8-4-1-2-6-9(8)10/h1-7H,11H2",[C][=C][C][=C][C][=Branch1][Ring2][=C][Ring1][=Branch1][C][=C][C][=C][Ring1][#Branch1][N]
CCOC(=O)CC(=O)OCC,"InChI=1S/C7H12O4/c1-3-10-6(8)5-7(9)11-4-2/h3-5H2,1-2H3",[C][C][O][C][=Branch1][C][=O][C][C][=Branch1][C][=O][O][C][C]
CC(=O)C1CC1,"InChI=1S/C5H8O/c1-4(6)5-2-3-5/h5H,2-3H2,1H3",[C][C][=Branch1][C][=O][C][C][C][Ring1][Ring1]
c1cc[nH]c1,InChI=1S/C4H5N/c1-2-4-5-3-1/h1-5H,[C][C][=C][NH1][C][=Ring1][Branch1]
c1cc(c(cc1c2ccc(cc2F)F)C(=O)O)O,"InChI=1S/C13H8F2O3/c14-8-2-3-9(11(15)6-8)7-1-4-12(16)10(5-7)13(17)18/h1-6,16H,(H,17,18)",[C][=C][C][=Branch2][Ring1][=Branch2][=C][Branch1][P][C][=C][Ring1][=Branch1][C][=C][C][=C][Branch1][=Branch1][C][=C][Ring1][=Branch1][F][F][C][=Branch1][C][=O][O][O]
CC1CCC(CC1)C,"InChI=1S/C8H16/c1-7-3-5-8(2)6-4-7/h7-8H,3-6H2,1-2H3",[C][C][C][C][C][Branch1][Branch1][C][C][Ring1][=Branch1][C]
C1CCC(CC1)O,"InChI=1S/C6H12O/c7-6-4-2-1-3-5-6/h6-7H,1-5H2",[C][C][C][C][Branch1][Branch1][C][C][Ring1][=Branch1][O]
CN(C)CCC=C1c2ccccc2CCc3c1cccc3,"InChI=1S/C20H23N/c1-21(2)15-7-12-20-18-10-5-3-8-16(18)13-14-17-9-4-6-11-19(17)20/h3-6,8-12H,7,13-15H2,1-2H3",[C][N][Branch1][C][C][C][C][C][=C][C][=C][C][=C][C][=C][Ring1][=Branch1][C][C][C][=C][Ring1][O][C][=C][C][=C][Ring1][=Branch1]
c1cc(ccc1O)F,"InChI=1S/C6H5FO/c7-5-1-3-6(8)4-2-5/h1-4,8H",[C][=C][C][=Branch1][#Branch1][=C][C][=C][Ring1][=Branch1][O][F]
c1ccc(c(c1)N)Cl,"InChI=1S/C6H6ClN/c7-5-3-1-2-4-6(5)8/h1-4H,8H2",[C][=C][C][=C][Branch1][Branch2][C][=Branch1][Ring2][=C][Ring1][=Branch1][N][Cl]
Cc1ccc(c(c1)C)C,"InChI=1S/C9H12/c1-7-4-5-8(2)9(3)6-7/h4-6H,1-3H3",[C][C][=C][C][=C][Branch1][Branch2][C][=Branch1][Ring2][=C][Ring1][=Branch1][C][C]
CCc1ccccc1C,"InChI=1S/C9H12/c1-3-9-7-5-4-6-8(9)2/h4-7H,3H2,1-2H3",[C][C][C][=C][C][=C][C][=C][Ring1][=Branch1][C]
C[C@@H]1CC[C@H](CC1=O)C(=C)C,"InChI=1S/C10H16O/c1-7(2)9-5-4-8(3)10(11)6-9/h8-9H,1,4-6H2,2-3H3/t8-,9-/m1/s1",[C][C@@H1][C][C][C@H1][Branch1][=Branch1][C][C][Ring1][=Branch1][=O][C][=Branch1][C][=C][C]
c1ccc(cc1)c2ccccc2,InChI=1S/C12H10/c1-3-7-11(8-4-1)12-9-5-2-6-10-12/h1-10H,[C][=C][C][=C][Branch1][Branch1][C][=C][Ring1][=Branch1][C][=C][C][=C][C][=C][Ring1][=Branch1]
Cc1cccc(c1C)O,"InChI=1S/C8H10O/c1-6-4-3-5-8(9)7(6)2/h3-5,9H,1-2H3",[C][C][=C][C][=C][C][=Branch1][Branch1][=C][Ring1][=Branch1][C][O]
COP(=S)(OC)Oc1ccc(cc1)[N+](=O)[O-],"InChI=1S/C8H10NO5PS/c1-12-15(16,13-2)14-8-5-3-7(4-6-8)9(10)11/h3-6H,1-2H3",[C][O][P][=Branch1][C][=S][Branch1][Ring1][O][C][O][C][=C][C][=C][Branch1][Branch1][C][=C][Ring1][=Branch1][N+1][=Branch1][C][=O][O-1]
CCOP(=S)(OCC)Oc1ccc(cc1)[N+](=O)[O-],"InChI=1S/C10H14NO5PS/c1-3-14-17(18,15-4-2)16-10-7-5-9(6-8-10)11(12)13/h5-8H,3-4H2,1-2H3",[C][C][O][P][=Branch1][C][=S][Branch1][Ring2][O][C][C][O][C][=C][C][=C][Branch1][Branch1][C][=C][Ring1][=Branch1][N+1][=Branch1][C][=O][O-1]
CCN(CC)c1c(cc(c(c1[N+](=O)[O-])N)C(F)(F)F)[N+](=O)[O-],"InChI=1S/C11H13F3N4O4/c1-3-16(4-2)9-7(17(19)20)5-6(11(12,13)14)8(15)10(9)18(21)22/h5H,3-4,15H2,1-2H3",[C][C][N][Branch1][Ring1][C][C][C][=C][Branch2][Ring1][=Branch2][C][=C][Branch1][=N][C][=Branch1][=Branch2][=C][Ring1][=Branch1][N+1][=Branch1][C][=O][O-1][N][C][Branch1][C][F][Branch1][C][F][F][N+1][=Branch1][C][=O][O-1]
CSC,InChI=1S/C2H6S/c1-3-2/h1-2H3,[C][S][C]
C[C@@H](c1cccc(c1)C(=O)c2ccccc2)C(=O)O,"InChI=1S/C16H14O3/c1-11(16(18)19)13-8-5-9-14(10-13)15(17)12-6-3-2-4-7-12/h2-11H,1H3,(H,18,19)/t11-/m0/s1",[C][C@@H1][Branch2][Ring1][#Branch1][C][=C][C][=C][C][=Branch1][Ring2][=C][Ring1][=Branch1][C][=Branch1][C][=O][C][=C][C][=C][C][=C][Ring1][=Branch1][C][=Branch1][C][=O][O]
C1CCC(C1)O,"InChI=1S/C5H10O/c6-5-3-1-2-4-5/h5-6H,1-4H2",[C][C][C][C][Branch1][Ring2][C][Ring1][Branch1][O]
CCCCC(=O)OC,"InChI=1S/C6H12O2/c1-3-4-5-6(7)8-2/h3-5H2,1-2H3",[C][C][C][C][C][=Branch1][C][=O][O][C]
CCCC(=C)C,"InChI=1S/C6H12/c1-4-5-6(2)3/h2,4-5H2,1,3H3",[C][C][C][C][=Branch1][C][=C][C]
C[C@@H](c1ccc(c(c1)F)c2ccccc2)C(=O)O,"InChI=1S/C15H13FO2/c1-10(15(17)18)12-7-8-13(14(16)9-12)11-5-3-2-4-6-11/h2-10H,1H3,(H,17,18)/t10-/m0/s1",[C][C@@H1][Branch2][Ring1][=Branch1][C][=C][C][=C][Branch1][Branch2][C][=Branch1][Ring2][=C][Ring1][=Branch1][F][C][=C][C][=C][C][=C][Ring1][=Branch1][C][=Branch1][C][=O][O]
CCCN(CCC)c1c(cc(cc1[N+](=O)[O-])S(=O)(=O)C)[N+](=O)[O-],"InChI=1S/C13H19N3O6S/c1-4-6-14(7-5-2)13-11(15(17)18)8-10(23(3,21)22)9-12(13)16(19)20/h8-9H,4-7H2,1-3H3",[C][C][C][N][Branch1][Ring2][C][C][C][C][=C][Branch2][Ring1][=Branch1][C][=C][Branch1][#Branch2][C][=C][Ring1][=Branch1][N+1][=Branch1][C][=O][O-1][S][=Branch1][C][=O][=Branch1][C][=O][C][N+1][=Branch1][C][=O][O-1]
C=CCl,"InChI=1S/C2H3Cl/c1-2-3/h2H,1H2",[C][=C][Cl]
Cc1ccc(cc1)C(=O)N(C)C,"InChI=1S/C10H13NO/c1-8-4-6-9(7-5-8)10(12)11(2)3/h4-7H,1-3H3",[C][C][=C][C][=C][Branch1][Branch1][C][=C][Ring1][=Branch1][C][=Branch1][C][=O][N][Branch1][C][C][C]
CCCC(=O)CCC,"InChI=1S/C7H14O/c1-3-5-7(8)6-4-2/h3-6H2,1-2H3",[C][C][C][C][=Branch1][C][=O][C][C][C]
COC(=O)c1ccccc1,"InChI=1S/C8H8O2/c1-10-8(9)7-5-3-2-4-6-7/h2-6H,1H3",[C][O][C][=Branch1][C][=O][C][=C][C][=C][C][=C][Ring1][=Branch1]
Cc1ccc(cc1)C=O,"InChI=1S/C8H8O/c1-7-2-4-8(6-9)5-3-7/h2-6H,1H3",[C][C][=C][C][=C][Branch1][Branch1][C][=C][Ring1][=Branch1][C][=O]
CCCC(=O)OCCC,"InChI=1S/C7H14O2/c1-3-5-7(8)9-6-4-2/h3-6H2,1-2H3",[C][C][C][C][=Branch1][C][=O][O][C][C][C]
C1CNCCN1,"InChI=1S/C4H10N2/c1-2-6-4-3-5-1/h5-6H,1-4H2",[C][C][N][C][C][N][Ring1][=Branch1]
CCOP(=S)(OCC)S[C@@H](CCl)N1C(=O)c2ccccc2C1=O,"InChI=1S/C14H17ClNO4PS2/c1-3-19-21(22,20-4-2)23-12(9-15)16-13(17)10-7-5-6-8-11(10)14(16)18/h5-8,12H,3-4,9H2,1-2H3/t12-/m0/s1",[C][C][O][P][=Branch1][C][=S][Branch1][Ring2][O][C][C][S][C@@H1][Branch1][Ring1][C][Cl][N][C][=Branch1][C][=O][C][=C][C][=C][C][=C][Ring1][=Branch1][C][Ring1][#Branch2][=O]
CCOCCO,"InChI=1S/C4H10O2/c1-2-6-4-3-5/h5H,2-4H2,1H3",[C][C][O][C][C][O]
CCC(C)CC,"InChI=1S/C6H14/c1-4-6(3)5-2/h6H,4-5H2,1-3H3",[C][C][C][Branch1][C][C][C][C]
Cc1cnccn1,"InChI=1S/C5H6N2/c1-5-4-6-2-3-7-5/h2-4H,1H3",[C][C][=C][N][=C][C][=N][Ring1][=Branch1]
CCC[N+](=O)[O-],"InChI=1S/C3H7NO2/c1-2-3-4(5)6/h2-3H2,1H3",[C][C][C][N+1][=Branch1][C][=O][O-1]
Cc1cc(cc(c1)C)C,"InChI=1S/C9H12/c1-7-4-8(2)6-9(3)5-7/h4-6H,1-3H3",[C][C][=C][C][=Branch1][=Branch2][=C][C][=Branch1][Ring2][=C][Ring1][=Branch1][C][C]
c1c(c(=O)[nH]c(=O)[nH]1)F,"InChI=1S/C4H3FN2O2/c5-2-1-6-4(9)7-3(2)8/h1H,(H2,6,7,8,9)",[C][=C][Branch1][=N][C][=Branch1][C][=O][NH1][C][=Branch1][C][=O][NH1][Ring1][Branch2][F]
CCO,"InChI=1S/C2H6O/c1-2-3/h3H,2H2,1H3",[C][C][O]
Cc1ccc(c2c1cccc2)C,"InChI=1S/C12H12/c1-9-7-8-10(2)12-6-4-3-5-11(9)12/h3-8H,1-2H3",[C][C][=C][C][=C][Branch1][O][C][=C][Ring1][=Branch1][C][=C][C][=C][Ring1][=Branch1][C]
c1c2c(cc(c1Cl)Cl)Oc3cc(c(cc3O2)Cl)Cl,InChI=1S/C12H4Cl4O2/c13-5-1-9-10(2-6(5)14)18-12-4-8(16)7(15)3-11(12)17-9/h1-4H,[C][=C][C][=Branch1][#Branch2][=C][C][=Branch1][Branch1][=C][Ring1][=Branch1][Cl][Cl][O][C][=C][C][=Branch1][N][=C][Branch1][Branch2][C][=C][Ring1][=Branch1][O][Ring1][#C][Cl][Cl]
c1cc(c(c(c1)Cl)C#N)Cl,InChI=1S/C7H3Cl2N/c8-6-2-1-3-7(9)5(6)4-10/h1-3H,[C][=C][C][=Branch1][=N][=C][Branch1][Branch2][C][=Branch1][Ring2][=C][Ring1][=Branch1][Cl][C][#N][Cl]
CCOC=O,"InChI=1S/C3H6O2/c1-2-5-3-4/h3H,2H2,1H3",[C][C][O][C][=O]
c1c(c(cc(c1Cl)Cl)Cl)Cl,InChI=1S/C6H2Cl4/c7-3-1-4(8)6(10)2-5(3)9/h1-2H,[C][=C][Branch1][=C][C][=Branch1][#Branch2][=C][C][=Branch1][Branch1][=C][Ring1][=Branch1][Cl][Cl][Cl][Cl]
CCOC(OCC)Oc1ccccc1,"InChI=1S/C11H16O3/c1-3-12-11(13-4-2)14-10-8-6-5-7-9-10/h5-9,11H,3-4H2,1-2H3",[C][C][O][C][Branch1][Ring2][O][C][C][O][C][=C][C][=C][C][=C][Ring1][=Branch1]
c1cc(cc(c1)O)[N+](=O)[O-],"InChI=1S/C6H5NO3/c8-6-3-1-2-5(4-6)7(9)10/h1-4,8H",[C][=C][C][=Branch1][=Branch2][=C][C][=Branch1][Ring2][=C][Ring1][=Branch1][O][N+1][=Branch1][C][=O][O-1]
CCCCCCCCO,"InChI=1S/C8H18O/c1-2-3-4-5-6-7-8-9/h9H,2-8H2,1H3",[C][C][C][C][C][C][C][C][O]
CCC=C,"InChI=1S/C4H8/c1-3-4-2/h3H,1,4H2,2H3",[C][C][C][=C]
C(Cl)(Cl)(Cl)Cl,"InChI=1S/CCl4/c2-1(3,4)5",[C][Branch1][C][Cl][Branch1][C][Cl][Branch1][C][Cl][Cl]
c1ccc(cc1)CCO,"InChI=1S/C8H10O/c9-7-6-8-4-2-1-3-5-8/h1-5,9H,6-7H2",[C][=C][C][=C][Branch1][Branch1][C][=C][Ring1][=Branch1][C][C][O]
CN(C)C(=O)Nc1ccccc1,"InChI=1S/C9H12N2O/c1-11(2)9(12)10-8-6-4-3-5-7-8/h3-7H,1-2H3,(H,10,12)",[C][N][Branch1][C][C][C][=Branch1][C][=O][N][C][=C][C][=C][C][=C][Ring1][=Branch1]
CSSC,InChI=1S/C2H6S2/c1-3-4-2/h1-2H3,[C][S][S][C]
C1C=CC[C@@H]2[C@@H]1C(=O)N(C2=O)SC(Cl)(Cl)Cl,"InChI=1S/C9H8Cl3NO2S/c10-9(11,12)16-13-7(14)5-3-1-2-4-6(5)8(13)15/h1-2,5-6H,3-4H2/t5-,6-/m1/s1",[C][C][=C][C][C@@H1][C@@H1][Ring1][=Branch1][C][=Branch1][C][=O][N][Branch1][Branch1][C][Ring1][=Branch1][=O][S][C][Branch1][C][Cl][Branch1][C][Cl][Cl]
CC(=O)OCC(COC(=O)C)OC(=O)C,"InChI=1S/C9H14O6/c1-6(10)13-4-9(15-8(3)12)5-14-7(2)11/h9H,4-5H2,1-3H3",[C][C][=Branch1][C][=O][O][C][C][Branch1][Branch2][C][O][C][=Branch1][C][=O][C][O][C][=Branch1][C][=O][C]
COC,InChI=1S/C2H6O/c1-3-2/h1-2H3,[C][O][C]
CCCCCC,"InChI=1S/C6H14/c1-3-5-6-4-2/h3-6H2,1-2H3",[C][C][C][C][C][C]
C(CBr)Br,InChI=1S/C2H4Br2/c3-1-2-4/h1-2H2,[C][Branch1][Ring1][C][Br][Br]
C(C(Cl)(Cl)Cl)(Cl)Cl,"InChI=1S/C2HCl5/c3-1(4)2(5,6)7/h1H",[C][Branch1][=Branch2][C][Branch1][C][Cl][Branch1][C][Cl][Cl][Branch1][C][Cl][Cl]
c1c(c(=O)[nH]c(=O)[nH]1)C(F)(F)F,"InChI=1S/C5H3F3N2O2/c6-5(7,8)2-1-9-4(12)10-3(2)11/h1H,(H2,9,10,11,12)",[C][=C][Branch1][=N][C][=Branch1][C][=O][NH1][C][=Branch1][C][=O][NH1][Ring1][Branch2][C][Branch1][C][F][Branch1][C][F][F]
Cc1cccc(c1N)C,"InChI=1S/C8H11N/c1-6-4-3-5-7(2)8(6)9/h3-5H,9H2,1-2H3",[C][C][=C][C][=C][C][=Branch1][Branch1][=C][Ring1][=Branch1][N][C]
CCCOC(=O)C,"InChI=1S/C5H10O2/c1-3-4-7-5(2)6/h3-4H2,1-2H3",[C][C][C][O][C][=Branch1][C][=O][C]
c1ccc2c(c1)cccn2,InChI=1S/C9H7N/c1-2-6-9-8(4-1)5-3-7-10-9/h1-7H,[C][=C][C][=C][C][=Branch1][Ring2][=C][Ring1][=Branch1][C][=C][C][=N][Ring1][#Branch1]
CCS,"InChI=1S/C2H6S/c1-2-3/h3H,2H2,1H3",[C][C][S]
CCSSCC,"InChI=1S/C4H10S2/c1-3-5-6-4-2/h3-4H2,1-2H3",[C][C][S][S][C][C]
c1ccsc1,InChI=1S/C4H4S/c1-2-4-5-3-1/h1-4H,[C][C][=C][S][C][=Ring1][Branch1]
CCc1cccc2c1cccc2,"InChI=1S/C12H12/c1-2-10-7-5-8-11-6-3-4-9-12(10)11/h3-9H,2H2,1H3",[C][C][C][=C][C][=C][C][=C][Ring1][=Branch1][C][=C][C][=C][Ring1][=Branch1]
CCCC(=O)C,"InChI=1S/C5H10O/c1-3-4-5(2)6/h3-4H2,1-2H3",[C][C][C][C][=Branch1][C][=O][C]
c1c(c(c(c(c1Cl)Cl)Cl)Cl)c2c(cc(c(c2Cl)Cl)Cl)Cl,InChI=1S/C12H2Cl8/c13-4-2-6(15)9(17)11(19)7(4)3-1-5(14)10(18)12(20)8(3)16/h1-2H,[C][=C][Branch1][P][C][=Branch1][=N][=C][Branch1][=Branch2][C][=Branch1][Branch1][=C][Ring1][=Branch1][Cl][Cl][Cl][Cl][C][=C][Branch1][=C][C][=C][Branch1][=Branch2][C][=Branch1][Branch1][=C][Ring1][=Branch1][Cl][Cl][Cl][Cl]
CCC[N@@](CC1CC1)c2c(cc(cc2[N+](=O)[O-])C(F)(F)F)[N+](=O)[O-],"InChI=1S/C14H16F3N3O4/c1-2-5-18(8-9-3-4-9)13-11(19(21)22)6-10(14(15,16)17)7-12(13)20(23)24/h6-7,9H,2-5,8H2,1H3",[C][C][C][N@@][Branch1][#Branch1][C][C][C][C][Ring1][Ring1][C][=C][Branch2][Ring1][=Branch1][C][=C][Branch1][#Branch2][C][=C][Ring1][=Branch1][N+1][=Branch1][C][=O][O-1][C][Branch1][C][F][Branch1][C][F][F][N+1][=Branch1][C][=O][O-1]
CC(=O)O,"InChI=1S/C2H4O2/c1-2(3)4/h1H3,(H,3,4)",[C][C][=Branch1][C][=O][O]
CC=O,"InChI=1S/C2H4O/c1-2-3/h2H,1H3",[C][C][=O]
c1cc(cc(c1)[N+](=O)[O-])N,"InChI=1S/C6H6N2O2/c7-5-2-1-3-6(4-5)8(9)10/h1-4H,7H2",[C][=C][C][=Branch1][=N][=C][C][=Branch1][Ring2][=C][Ring1][=Branch1][N+1][=Branch1][C][=O][O-1][N]
CCCCC#C,"InChI=1S/C6H10/c1-3-5-6-4-2/h1H,4-6H2,2H3",[C][C][C][C][C][#C]
COc1ccccc1N,"InChI=1S/C7H9NO/c1-9-7-5-3-2-4-6(7)8/h2-5H,8H2,1H3",[C][O][C][=C][C][=C][C][=C][Ring1][=Branch1][N]
c1ccc(cc1)O,"InChI=1S/C6H6O/c7-6-4-2-1-3-5-6/h1-5,7H",[C][=C][C][=C][Branch1][Branch1][C][=C][Ring1][=Branch1][O]
CCC#N,"InChI=1S/C3H5N/c1-2-3-4/h2H2,1H3",[C][C][C][#N]
c1ccc2c(c1)cccc2O,"InChI=1S/C10H8O/c11-10-7-3-5-8-4-1-2-6-9(8)10/h1-7,11H",[C][=C][C][=C][C][=Branch1][Ring2][=C][Ring1][=Branch1][C][=C][C][=C][Ring1][#Branch1][O]
CCCCOC(=O)C,"InChI=1S/C6H12O2/c1-3-4-5-8-6(2)7/h3-5H2,1-2H3",[C][C][C][C][O][C][=Branch1][C][=O][C]
CC(C)(/C=N\OC(=O)NC)SC,"InChI=1S/C7H14N2O2S/c1-7(2,12-4)5-9-11-6(10)8-3/h5H,1-4H3,(H,8,10)/b9-5-",[C][C][Branch1][C][C][Branch1][#Branch2][/C][=N][\O][C][=Branch1][C][=O][N][C][S][C]
Cc1ccccc1O,"InChI=1S/C7H8O/c1-6-4-2-3-5-7(6)8/h2-5,8H,1H3",[C][C][=C][C][=C][C][=C][Ring1][=Branch1][O]
CC(C)C=O,"InChI=1S/C4H8O/c1-4(2)3-5/h3-4H,1-2H3",[C][C][Branch1][C][C][C][=O]
CCC(=O)N,"InChI=1S/C3H7NO/c1-2-3(4)5/h2H2,1H3,(H2,4,5)",[C][C][C][=Branch1][C][=O][N]
CCCBr,"InChI=1S/C3H7Br/c1-2-3-4/h2-3H2,1H3",[C][C][C][Br]
CC(C)Cl,"InChI=1S/C3H7Cl/c1-3(2)4/h3H,1-2H3",[C][C][Branch1][C][C][Cl]
C(CCl)CCl,InChI=1S/C3H6Cl2/c4-2-1-3-5/h1-3H2,[C][Branch1][Ring1][C][Cl][C][Cl]
c1cc(ccc1[N+](=O)[O-])O,"InChI=1S/C6H5NO3/c8-6-3-1-5(2-4-6)7(9)10/h1-4,8H",[C][=C][C][=Branch1][O][=C][C][=C][Ring1][=Branch1][N+1][=Branch1][C][=O][O-1][O]
C[C@@H](CCl)Cl,"InChI=1S/C3H6Cl2/c1-3(5)2-4/h3H,2H2,1H3/t3-/m0/s1",[C][C@@H1][Branch1][Ring1][C][Cl][Cl]
c1cc(ccc1N)Cl,"InChI=1S/C6H6ClN/c7-5-1-3-6(8)4-2-5/h1-4H,8H2",[C][=C][C][=Branch1][#Branch1][=C][C][=C][Ring1][=Branch1][N][Cl]
c1ccc2c(c1)C(=O)c3cccc(c3C2=O)N,"InChI=1S/C14H9NO2/c15-11-7-3-6-10-12(11)14(17)9-5-2-1-4-8(9)13(10)16/h1-7H,15H2",[C][=C][C][=C][C][=Branch1][Ring2][=C][Ring1][=Branch1][C][=Branch1][C][=O][C][=C][C][=C][C][=Branch1][Branch2][=C][Ring1][=Branch1][C][Ring1][N][=O][N]
Cc1cccnc1C,"InChI=1S/C7H9N/c1-6-4-3-5-8-7(6)2/h3-5H,1-2H3",[C][C][=C][C][=C][N][=C][Ring1][=Branch1][C]
c1cnccc1C#N,InChI=1S/C6H4N2/c7-5-6-1-3-8-4-2-6/h1-4H,[C][=C][N][=C][C][=C][Ring1][=Branch1][C][#N]
CCOP(=S)(OCC)SCSCC,"InChI=1S/C7H17O2PS3/c1-4-8-10(11,9-5-2)13-7-12-6-3/h4-7H2,1-3H3",[C][C][O][P][=Branch1][C][=S][Branch1][Ring2][O][C][C][S][C][S][C][C]
CC(=O)C1CCCCC1,"InChI=1S/C8H14O/c1-7(9)8-5-3-2-4-6-8/h8H,2-6H2,1H3",[C][C][=Branch1][C][=O][C][C][C][C][C][C][Ring1][=Branch1]
Cc1ccccc1C=O,"InChI=1S/C8H8O/c1-7-4-2-3-5-8(7)6-9/h2-6H,1H3",[C][C][=C][C][=C][C][=C][Ring1][=Branch1][C][=O]
CC(=O)c1ccncc1,"InChI=1S/C7H7NO/c1-6(9)7-2-4-8-5-3-7/h2-5H,1H3",[C][C][=Branch1][C][=O][C][=C][C][=N][C][=C][Ring1][=Branch1]
c1c2c(cc(c1Cl)Cl)Oc3c(c(c(c(c3Cl)Cl)Cl)Cl)O2,InChI=1S/C12H2Cl6O2/c13-3-1-5-6(2-4(3)14)20-12-10(18)8(16)7(15)9(17)11(12)19-5/h1-2H,[C][=C][C][=Branch1][#Branch2][=C][C][=Branch1][Branch1][=C][Ring1][=Branch1][Cl][Cl][O][C][=C][Branch1][P][C][=Branch1][=N][=C][Branch1][=Branch2][C][=Branch1][Branch1][=C][Ring1][=Branch1][Cl][Cl][Cl][Cl][O][Ring2][Ring1][Ring1]
CC(=O)C,InChI=1S/C3H6O/c1-3(2)4/h1-2H3,[C][C][=Branch1][C][=O][C]
CC(=C)C,"InChI=1S/C4H8/c1-4(2)3/h1H2,2-3H3",[C][C][=Branch1][C][=C][C]
c1cc(c(cc1Cl)c2cc(c(c(c2)Cl)Cl)Cl)Cl,InChI=1S/C12H5Cl5/c13-7-1-2-9(14)8(5-7)6-3-10(15)12(17)11(16)4-6/h1-5H,[C][=C][C][=Branch2][Ring1][#Branch2][=C][Branch1][=Branch1][C][=C][Ring1][=Branch1][Cl][C][=C][C][=Branch1][N][=C][Branch1][Branch2][C][=Branch1][Ring2][=C][Ring1][=Branch1][Cl][Cl][Cl][Cl]
CCCCC[N+](=O)[O-],"InChI=1S/C5H11NO2/c1-2-3-4-5-6(7)8/h2-5H2,1H3",[C][C][C][C][C][N+1][=Branch1][C][=O][O-1]
CCC/C=C/C=O,"InChI=1S/C6H10O/c1-2-3-4-5-6-7/h4-6H,2-3H2,1H3/b5-4+",[C][C][C][/C][=C][/C][=O]
CN(C)C(=O)c1ccc(cc1)[N+](=O)[O-],"InChI=1S/C9H10N2O3/c1-10(2)9(12)7-3-5-8(6-4-7)11(13)14/h3-6H,1-2H3",[C][N][Branch1][C][C][C][=Branch1][C][=O][C][=C][C][=C][Branch1][Branch1][C][=C][Ring1][=Branch1][N+1][=Branch1][C][=O][O-1]
C1CCOC1,InChI=1S/C4H8O/c1-2-4-5-3-1/h1-4H2,[C][C][C][O][C][Ring1][Branch1]
CCCCCCCC,"InChI=1S/C8H18/c1-3-5-7-8-6-4-2/h3-8H2,1-2H3",[C][C][C][C][C][C][C][C]
CCCN(CCC)c1c(cc(cc1[N+](=O)[O-])C(F)(F)F)[N+](=O)[O-],"InChI=1S/C13H16F3N3O4/c1-3-5-17(6-4-2)12-10(18(20)21)7-9(13(14,15)16)8-11(12)19(22)23/h7-8H,3-6H2,1-2H3",[C][C][C][N][Branch1][Ring2][C][C][C][C][=C][Branch2][Ring1][=Branch1][C][=C][Branch1][#Branch2][C][=C][Ring1][=Branch1][N+1][=Branch1][C][=O][O-1][C][Branch1][C][F][Branch1][C][F][F][N+1][=Branch1][C][=O][O-1]
CC(=CCC[C@](C)(C=C)OC(=O)C)C,"InChI=1S/C12H20O2/c1-6-12(5,14-11(4)13)9-7-8-10(2)3/h6,8H,1,7,9H2,2-5H3/t12-/m0/s1",[C][C][=Branch2][Ring1][C][=C][C][C][C@][Branch1][C][C][Branch1][Ring1][C][=C][O][C][=Branch1][C][=O][C][C]
C[C@@H](CCO[N+](=O)[O-])O[N+](=O)[O-],"InChI=1S/C4H8N2O6/c1-4(12-6(9)10)2-3-11-5(7)8/h4H,2-3H2,1H3/t4-/m0/s1",[C][C@@H1][Branch1][=Branch2][C][C][O][N+1][=Branch1][C][=O][O-1][O][N+1][=Branch1][C][=O][O-1]
CC(C)OC(C)C,"InChI=1S/C6H14O/c1-5(2)7-6(3)4/h5-6H,1-4H3",[C][C][Branch1][C][C][O][C][Branch1][C][C][C]
CCCCC(C)C,"InChI=1S/C7H16/c1-4-5-6-7(2)3/h7H,4-6H2,1-3H3",[C][C][C][C][C][Branch1][C][C][C]
c1(c(c(c(c(c1Cl)Cl)Cl)Cl)Cl)N(=O)=O,InChI=1S/C6Cl5NO2/c7-1-2(8)4(10)6(12(13)14)5(11)3(1)9,
[C@@H](C(F)(F)F)(Cl)Br,"InChI=1S/C2HBrClF3/c3-1(4)2(5,6)7/h1H/t1-/m0/s1",[C@@H1][Branch1][=Branch2][C][Branch1][C][F][Branch1][C][F][F][Branch1][C][Cl][Br]
CCCCOCCCC,"InChI=1S/C8H18O/c1-3-5-7-9-8-6-4-2/h3-8H2,1-2H3",[C][C][C][C][O][C][C][C][C]
CCCCCC1CCCC1,"InChI=1S/C10H20/c1-2-3-4-7-10-8-5-6-9-10/h10H,2-9H2,1H3",[C][C][C][C][C][C][C][C][C][C][Ring1][Branch1]
CC(C)CC(C)C,"InChI=1S/C7H16/c1-6(2)5-7(3)4/h6-7H,5H2,1-4H3",[C][C][Branch1][C][C][C][C][Branch1][C][C][C]
Cc1ccc(nc1)C,"InChI=1S/C7H9N/c1-6-3-4-7(2)8-5-6/h3-5H,1-2H3",[C][C][=C][C][=C][Branch1][Branch1][N][=C][Ring1][=Branch1][C]
C/C=C/C=O,"InChI=1S/C4H6O/c1-2-3-4-5/h2-4H,1H3/b3-2+",[C][/C][=C][/C][=O]
CCC[C@H](C)CC,"InChI=1S/C7H16/c1-4-6-7(3)5-2/h7H,4-6H2,1-3H3/t7-/m1/s1",[C][C][C][C@H1][Branch1][C][C][C][C]
c1cc(c(c(c1)Cl)c2c(cc(cc2Cl)Cl)Cl)Cl,InChI=1S/C12H5Cl5/c13-6-4-9(16)12(10(17)5-6)11-7(14)2-1-3-8(11)15/h1-5H,[C][=C][C][=Branch2][Ring1][#Branch2][=C][Branch1][Branch2][C][=Branch1][Ring2][=C][Ring1][=Branch1][Cl][C][=C][Branch1][O][C][=C][Branch1][=Branch1][C][=C][Ring1][=Branch1][Cl][Cl][Cl][Cl]
c1ccc(cc1)O[C@@H](C(F)F)F,"InChI=1S/C8H7F3O/c9-7(10)8(11)12-6-4-2-1-3-5-6/h1-5,7-8H/t8-/m0/s1",[C][=C][C][=C][Branch1][Branch1][C][=C][Ring1][=Branch1][O][C@@H1][Branch1][=Branch1][C][Branch1][C][F][F][F]
COCCOC,"InChI=1S/C4H10O2/c1-5-3-4-6-2/h3-4H2,1-2H3",[C][O][C][C][O][C]
CC[C@H](C)c1ccccc1,"InChI=1S/C10H14/c1-3-9(2)10-7-5-4-6-8-10/h4-9H,3H2,1-2H3/t9-/m0/s1",[C][C][C@H1][Branch1][C][C][C][=C][C][=C][C][=C][Ring1][=Branch1]
c1ccc(cc1)CCCO,"InChI=1S/C9H12O/c10-8-4-7-9-5-2-1-3-6-9/h1-3,5-6,10H,4,7-8H2",[C][=C][C][=C][Branch1][Branch1][C][=C][Ring1][=Branch1][C][C][C][O]
CC[C@@H](C)c1cc(cc(c1O)[N+](=O)[O-])[N+](=O)[O-],"InChI=1S/C10H12N2O5/c1-3-6(2)8-4-7(11(14)15)5-9(10(8)13)12(16)17/h4-6,13H,3H2,1-2H3/t6-/m1/s1",[C][C][C@@H1][Branch1][C][C][C][=C][C][=Branch1][=C][=C][C][=Branch1][Branch1][=C][Ring1][=Branch1][O][N+1][=Branch1][C][=O][O-1][N+1][=Branch1][C][=O][O-1]
COc1ccc(cc1)C(=O)OC,"InChI=1S/C9H10O3/c1-11-8-5-3-7(4-6-8)9(10)12-2/h3-6H,1-2H3",[C][O][C][=C][C][=C][Branch1][Branch1][C][=C][Ring1][=Branch1][C][=Branch1][C][=O][O][C]
CCC(=O)Nc1ccc(c(c1)Cl)Cl,"InChI=1S/C9H9Cl2NO/c1-2-9(13)12-6-3-4-7(10)8(11)5-6/h3-5H,2H2,1H3,(H,12,13)",[C][C][C][=Branch1][C][=O][N][C][=C][C][=C][Branch1][Branch2][C][=Branch1][Ring2][=C][Ring1][=Branch1][Cl][Cl]
C[C@@H](c1ccc2cc(ccc2c1)OC)C(=O)O,"InChI=1S/C14H14O3/c1-9(14(15)16)10-3-4-12-8-13(17-2)6-5-11(12)7-10/h3-9H,1-2H3,(H,15,16)/t9-/m0/s1",[C][C@@H1][Branch2][Ring1][Ring1][C][=C][C][=C][C][=C][Branch1][=Branch2][C][=C][C][Ring1][=Branch1][=C][Ring1][#Branch2][O][C][C][=Branch1][C][=O][O]
C1(C(C(C1(F)F)(F)F)(F)F)(F)F,"InChI=1S/C4F8/c5-1(6)2(7,8)4(11,12)3(1,9)10",[C][Branch2][Ring1][=Branch1][C][Branch1][#C][C][Branch1][Branch2][C][Ring1][Ring2][Branch1][C][F][F][Branch1][C][F][F][Branch1][C][F][F][Branch1][C][F][F]
CC(C)CCOC(=O)C,"InChI=1S/C7H14O2/c1-6(2)4-5-9-7(3)8/h6H,4-5H2,1-3H3",[C][C][Branch1][C][C][C][C][O][C][=Branch1][C][=O][C]
CCCCCCCl,"InChI=1S/C6H13Cl/c1-2-3-4-5-6-7/h2-6H2,1H3",[C][C][C][C][C][C][Cl]
CC(C)CC(=O)C,"InChI=1S/C6H12O/c1-5(2)4-6(3)7/h5H,4H2,1-3H3",[C][C][Branch1][C][C][C][C][=Branch1][C][=O][C]
CCCCCC=O,"InChI=1S/C6H12O/c1-2-3-4-5-6-7/h6H,2-5H2,1H3",[C][C][C][C][C][C][=O]
c1cc(cc(c1)Cl)N,"InChI=1S/C6H6ClN/c7-5-2-1-3-6(8)4-5/h1-4H,8H2",[C][=C][C][=Branch1][=Branch2][=C][C][=Branch1][Ring2][=C][Ring1][=Branch1][Cl][N]
C1COCCN1,"InChI=1S/C4H9NO/c1-3-6-4-2-5-1/h5H,1-4H2",[C][C][O][C][C][N][Ring1][=Branch1]
CCOC(C)OCC,"InChI=1S/C6H14O2/c1-4-7-6(3)8-5-2/h6H,4-5H2,1-3H3",[C][C][O][C][Branch1][C][C][O][C][C]
CCCC[N@](CC)c1c(cc(cc1[N+](=O)[O-])C(F)(F)F)[N+](=O)[O-],"InChI=1S/C13H16F3N3O4/c1-3-5-6-17(4-2)12-10(18(20)21)7-9(13(14,15)16)8-11(12)19(22)23/h7-8H,3-6H2,1-2H3",[C][C][C][C][N@][Branch1][Ring1][C][C][C][=C][Branch2][Ring1][=Branch1][C][=C][Branch1][#Branch2][C][=C][Ring1][=Branch1][N+1][=Branch1][C][=O][O-1][C][Branch1][C][F][Branch1][C][F][F][N+1][=Branch1][C][=O][O-1]
CS,"InChI=1S/CH4S/c1-2/h2H,1H3",[C][S]
C1[C@@H]2[C@H](COS(=O)O1)[C@@]3(C(=C([C@]2(C3(Cl)Cl)Cl)Cl)Cl)Cl,"InChI=1S/C9H6Cl6O3S/c10-5-6(11)8(13)4-2-18-19(16)17-1-3(4)7(5,12)9(8,14)15/h3-4H,1-2H2/t3-,4+,7-,8+,19?",[C][C@@H1][C@H1][Branch1][#Branch2][C][O][S][=Branch1][C][=O][O][Ring1][Branch2][C@@][Branch2][Ring1][#Branch1][C][=Branch2][Ring1][C][=C][Branch1][=C][C@][Ring1][O][Branch1][Branch2][C][Ring1][Branch1][Branch1][C][Cl][Cl][Cl][Cl][Cl][Cl]
CC(=O)c1ccc(cc1)OC,"InChI=1S/C9H10O2/c1-7(10)8-3-5-9(11-2)6-4-8/h3-6H,1-2H3",[C][C][=Branch1][C][=O][C][=C][C][=C][Branch1][Branch1][C][=C][Ring1][=Branch1][O][C]
C=CCO,"InChI=1S/C3H6O/c1-2-3-4/h2,4H,1,3H2",[C][=C][C][O]
CCSC,"InChI=1S/C3H8S/c1-3-4-2/h3H2,1-2H3",[C][C][S][C]
CCCCCOC(=O)C,"InChI=1S/C7H14O2/c1-3-4-5-6-9-7(2)8/h3-6H2,1-2H3",[C][C][C][C][C][O][C][=Branch1][C][=O][C]
c1c(cc(c(c1Cl)Cl)Cl)Cl,InChI=1S/C6H2Cl4/c7-3-1-4(8)6(10)5(9)2-3/h1-2H,[C][=C][Branch1][=C][C][=C][Branch1][=Branch2][C][=Branch1][Branch1][=C][Ring1][=Branch1][Cl][Cl][Cl][Cl]
CC(=O)c1ccccc1,"InChI=1S/C8H8O/c1-7(9)8-5-3-2-4-6-8/h2-6H,1H3",[C][C][=Branch1][C][=O][C][=C][C][=C][C][=C][Ring1][=Branch1]
CCCl,"InChI=1S/C2H5Cl/c1-2-3/h2H2,1H3",[C][C][Cl]
CCCC1CCCC1,"InChI=1S/C8H16/c1-2-5-8-6-3-4-7-8/h8H,2-7H2,1H3",[C][C][C][C][C][C][C][C][Ring1][Branch1]
c1c(cc(cc1Cl)Cl)Cl,InChI=1S/C6H3Cl3/c7-4-1-5(8)3-6(9)2-4/h1-3H,[C][=C][Branch1][O][C][=C][Branch1][=Branch1][C][=C][Ring1][=Branch1][Cl][Cl][Cl]
CCCOC(=O)c1ccc(cc1)O,"InChI=1S/C10H12O3/c1-2-7-13-10(12)8-3-5-9(11)6-4-8/h3-6,11H,2,7H2,1H3",[C][C][C][O][C][=Branch1][C][=O][C][=C][C][=C][Branch1][Branch1][C][=C][Ring1][=Branch1][O]
c1cc(cc(c1)Cl)O,"InChI=1S/C6H5ClO/c7-5-2-1-3-6(8)4-5/h1-4,8H",[C][=C][C][=Branch1][=Branch2][=C][C][=Branch1][Ring2][=C][Ring1][=Branch1][Cl][O]
CC(C)CCO,"InChI=1S/C5H12O/c1-5(2)3-4-6/h5-6H,3-4H2,1-2H3",[C][C][Branch1][C][C][C][C][O]
CCCCCN,"InChI=1S/C5H13N/c1-2-3-4-5-6/h2-6H2,1H3",[C][C][C][C][C][N]
Cc1c(c(=O)n(c(=O)[nH]1)C(C)(C)C)Cl,"InChI=1S/C9H13ClN2O2/c1-5-6(10)7(13)12(8(14)11-5)9(2,3)4/h1-4H3,(H,11,14)",[C][C][=C][Branch2][Ring1][#Branch1][C][=Branch1][C][=O][N][Branch1][Branch2][C][=Branch1][C][=O][NH1][Ring1][Branch2][C][Branch1][C][C][Branch1][C][C][C][Cl]
CC(C)CCC(C)(C)C,"InChI=1S/C9H20/c1-8(2)6-7-9(3,4)5/h8H,6-7H2,1-5H3",[C][C][Branch1][C][C][C][C][C][Branch1][C][C][Branch1][C][C][C]
CCCCOCCO,"InChI=1S/C6H14O2/c1-2-3-5-8-6-4-7/h7H,2-6H2,1H3",[C][C][C][C][O][C][C][O]
C1[C@@H]2[C@H]3[C@@H]([C@H]1[C@H]4[C@@H]2O4)[C@@]5(C(=C([C@]3(C5(Cl)Cl)Cl)Cl)Cl)Cl,"InChI=1S/C12H8Cl6O/c13-8-9(14)11(16)5-3-1-2(6-7(3)19-6)4(5)10(8,15)12(11,17)18/h2-7H,1H2/t2-,3+,4+,5-,6-,7+,10-,11+",[C][C@@H1][C@H1][C@@H1][Branch1][O][C@H1][Ring1][Branch1][C@H1][C@@H1][Ring1][=Branch1][O][Ring1][Ring1][C@@][Branch2][Ring1][#Branch1][C][=Branch2][Ring1][C][=C][Branch1][=C][C@][Ring1][#Branch2][Branch1][Branch2][C][Ring1][Branch1][Branch1][C][Cl][Cl][Cl][Cl][Cl][Cl]
c1ccc(cc1)C(=O)N,"InChI=1S/C7H7NO/c8-7(9)6-4-2-1-3-5-6/h1-5H,(H2,8,9)",[C][=C][C][=C][Branch1][Branch1][C][=C][Ring1][=Branch1][C][=Branch1][C][=O][N]
CC(C)[N+](=O)[O-],"InChI=1S/C3H7NO2/c1-3(2)4(5)6/h3H,1-2H3",[C][C][Branch1][C][C][N+1][=Branch1][C][=O][O-1]
C(C(CO)O)O,"InChI=1S/C3H8O3/c4-1-3(6)2-5/h3-6H,1-2H2",[C][Branch1][#Branch1][C][Branch1][Ring1][C][O][O][O]
CCCI,"InChI=1S/C3H7I/c1-2-3-4/h2-3H2,1H3",[C][C][C][I]
COCCN,"InChI=1S/C3H9NO/c1-5-3-2-4/h2-4H2,1H3",[C][O][C][C][N]
C(C(Cl)(Cl)Cl)Cl,"InChI=1S/C2H2Cl4/c3-1-2(4,5)6/h1H2",[C][Branch1][=Branch2][C][Branch1][C][Cl][Branch1][C][Cl][Cl][Cl]
CCC(=O)OC,"InChI=1S/C4H8O2/c1-3-4(5)6-2/h3H2,1-2H3",[C][C][C][=Branch1][C][=O][O][C]
C1CCCC1,InChI=1S/C5H10/c1-2-4-5-3-1/h1-5H2,[C][C][C][C][C][Ring1][Branch1]
CCc1cccnc1,"InChI=1S/C7H9N/c1-2-7-4-3-5-8-6-7/h3-6H,2H2,1H3",[C][C][C][=C][C][=C][N][=C][Ring1][=Branch1]
Cc1cc(cnc1)C,"InChI=1S/C7H9N/c1-6-3-7(2)5-8-4-6/h3-5H,1-2H3",[C][C][=C][C][=Branch1][=Branch1][=C][N][=C][Ring1][=Branch1][C]
COCCO,"InChI=1S/C3H8O2/c1-5-3-2-4/h4H,2-3H2,1H3",[C][O][C][C][O]
COC=O,"InChI=1S/C2H4O2/c1-4-2-3/h2H,1H3",[C][O][C][=O]
c1ccc2cc(ccc2c1)N,"InChI=1S/C10H9N/c11-10-6-5-8-3-1-2-4-9(8)7-10/h1-7H,11H2",[C][=C][C][=C][C][=C][Branch1][=Branch2][C][=C][C][Ring1][=Branch1][=C][Ring1][#Branch2][N]
Cc1c[nH]cn1,"InChI=1S/C4H6N2/c1-4-2-5-3-6-4/h2-3H,1H3,(H,5,6)",[C][C][=C][NH1][C][=N][Ring1][Branch1]
Cc1cccc(c1)[N+](=O)[O-],"InChI=1S/C7H7NO2/c1-6-3-2-4-7(5-6)8(9)10/h2-5H,1H3",[C][C][=C][C][=C][C][=Branch1][Ring2][=C][Ring1][=Branch1][N+1][=Branch1][C][=O][O-1]
C(CCCl)CCl,InChI=1S/C4H8Cl2/c5-3-1-2-4-6/h1-4H2,[C][Branch1][Ring2][C][C][Cl][C][Cl]
CC(=O)CO[N+](=O)[O-],"InChI=1S/C3H5NO4/c1-3(5)2-8-4(6)7/h2H2,1H3",[C][C][=Branch1][C][=O][C][O][N+1][=Branch1][C][=O][O-1]
CC(C)(C)c1ccccc1,"InChI=1S/C10H14/c1-10(2,3)9-7-5-4-6-8-9/h4-8H,1-3H3",[C][C][Branch1][C][C][Branch1][C][C][C][=C][C][=C][C][=C][Ring1][=Branch1]
CCCCCC(=O)OC,"InChI=1S/C7H14O2/c1-3-4-5-6-7(8)9-2/h3-6H2,1-2H3",[C][C][C][C][C][C][=Branch1][C][=O][O][C]
C[C@@H](C(F)(F)F)O,"InChI=1S/C3H5F3O/c1-2(7)3(4,5)6/h2,7H,1H3/t2-/m0/s1",[C][C@@H1][Branch1][=Branch2][C][Branch1][C][F][Branch1][C][F][F][O]
CCCCCBr,"InChI=1S/C5H11Br/c1-2-3-4-5-6/h2-5H2,1H3",[C][C][C][C][C][Br]
CCCCCCC=C,"InChI=1S/C8H16/c1-3-5-7-8-6-4-2/h3H,1,4-8H2,2H3",[C][C][C][C][C][C][C][=C]
CC1=CC(=O)[C@@H](CC1)C(C)C,"InChI=1S/C10H16O/c1-7(2)9-5-4-8(3)6-10(9)11/h6-7,9H,4-5H2,1-3H3/t9-/m0/s1",[C][C][=C][C][=Branch1][C][=O][C@@H1][Branch1][Branch1][C][C][Ring1][#Branch1][C][Branch1][C][C][C]
CC(C)O,"InChI=1S/C3H8O/c1-3(2)4/h3-4H,1-2H3",[C][C][Branch1][C][C][O]
CCCCCCN,"InChI=1S/C6H15N/c1-2-3-4-5-6-7/h2-7H2,1H3",[C][C][C][C][C][C][N]
C(CO[N+](=O)[O-])CO[N+](=O)[O-],InChI=1S/C3H6N2O6/c6-4(7)10-2-1-3-11-5(8)9/h1-3H2,[C][Branch1][Branch2][C][O][N+1][=Branch1][C][=O][O-1][C][O][N+1][=Branch1][C][=O][O-1]
Cc1ccc(c(c1)C)O,"InChI=1S/C8H10O/c1-6-3-4-8(9)7(2)5-6/h3-5,9H,1-2H3",[C][C][=C][C][=C][Branch1][Branch2][C][=Branch1][Ring2][=C][Ring1][=Branch1][C][O]
CCCCCO,"InChI=1S/C5H12O/c1-2-3-4-5-6/h6H,2-5H2,1H3",[C][C][C][C][C][O]
CCC[C@@H](C)O,"InChI=1S/C5H12O/c1-3-4-5(2)6/h5-6H,3-4H2,1-2H3/t5-/m1/s1",[C][C][C][C@@H1][Branch1][C][C][O]
CCCC[C@@H](C)CC,"InChI=1S/C8H18/c1-4-6-7-8(3)5-2/h8H,4-7H2,1-3H3/t8-/m0/s1",[C][C][C][C][C@@H1][Branch1][C][C][C][C]
C[C@@H](c1ccc(cc1)CC(C)C)C(=O)O,"InChI=1S/C13H18O2/c1-9(2)8-11-4-6-12(7-5-11)10(3)13(14)15/h4-7,9-10H,8H2,1-3H3,(H,14,15)/t10-/m0/s1",[C][C@@H1][Branch1][P][C][=C][C][=C][Branch1][Branch1][C][=C][Ring1][=Branch1][C][C][Branch1][C][C][C][C][=Branch1][C][=O][O]
CCOC(=O)C[C@H](C(=O)OCC)SP(=S)(OC)OC,"InChI=1S/C10H19O6PS2/c1-5-15-9(11)7-8(10(12)16-6-2)19-17(18,13-3)14-4/h8H,5-7H2,1-4H3/t8-/m1/s1",[C][C][O][C][=Branch1][C][=O][C][C@H1][Branch1][Branch2][C][=Branch1][C][=O][O][C][C][S][P][=Branch1][C][=S][Branch1][Ring1][O][C][O][C]
Cc1ccc(cc1C)O,"InChI=1S/C8H10O/c1-6-3-4-8(9)5-7(6)2/h3-5,9H,1-2H3",[C][C][=C][C][=C][Branch1][=Branch1][C][=C][Ring1][=Branch1][C][O]
Cc1cc(ccc1Cl)O,"InChI=1S/C7H7ClO/c1-5-4-6(9)2-3-7(5)8/h2-4,9H,1H3",[C][C][=C][C][=Branch1][#Branch1][=C][C][=C][Ring1][=Branch1][Cl][O]
CCCC/C=C/C,"InChI=1S/C7H14/c1-3-5-7-6-4-2/h3,5H,4,6-7H2,1-2H3/b5-3+",[C][C][C][C][/C][=C][/C]
CCCOCCC,"InChI=1S/C6H14O/c1-3-5-7-6-4-2/h3-6H2,1-2H3",[C][C][C][O][C][C][C]
C[C@@H]1CC[C@H]([C@@H](C1)O)C(C)C,"InChI=1S/C10H20O/c1-7(2)9-5-4-8(3)6-10(9)11/h7-11H,4-6H2,1-3H3/t8-,9+,10-/m1/s1",[C][C@@H1][C][C][C@H1][Branch1][Branch2][C@@H1][Branch1][Ring2][C][Ring1][=Branch1][O][C][Branch1][C][C][C]
CCNc1nc(nc(n1)SC)NC(C)(C)C,"InChI=1S/C10H19N5S/c1-6-11-7-12-8(15-10(2,3)4)14-9(13-7)16-5/h6H2,1-5H3,(H2,11,12,13,14,15)",[C][C][N][C][=N][C][=Branch1][#Branch2][=N][C][=Branch1][Ring2][=N][Ring1][=Branch1][S][C][N][C][Branch1][C][C][Branch1][C][C][C]
CC(C)CC(C)(C)C,"InChI=1S/C8H18/c1-7(2)6-8(3,4)5/h7H,6H2,1-5H3",[C][C][Branch1][C][C][C][C][Branch1][C][C][Branch1][C][C][C]
CCCCC(=O)CCCC,"InChI=1S/C9H18O/c1-3-5-7-9(10)8-6-4-2/h3-8H2,1-2H3",[C][C][C][C][C][=Branch1][C][=O][C][C][C][C]
CCCCN(CC)C(=O)SCCC,"InChI=1S/C10H21NOS/c1-4-7-8-11(6-3)10(12)13-9-5-2/h4-9H2,1-3H3",[C][C][C][C][N][Branch1][Ring1][C][C][C][=Branch1][C][=O][S][C][C][C]
CCCCCC=C,"InChI=1S/C7H14/c1-3-5-7-6-4-2/h3H,1,4-7H2,2H3",[C][C][C][C][C][C][=C]
CC(C)OC=O,"InChI=1S/C4H8O2/c1-4(2)6-3-5/h3-4H,1-2H3",[C][C][Branch1][C][C][O][C][=O]
CC(OC(=O)C)OC(=O)C,"InChI=1S/C6H10O4/c1-4(7)9-6(3)10-5(2)8/h6H,1-3H3",[C][C][Branch1][#Branch1][O][C][=Branch1][C][=O][C][O][C][=Branch1][C][=O][C]
c1c(c(=O)[nH]c(=O)[nH]1)Cl,"InChI=1S/C4H3ClN2O2/c5-2-1-6-4(9)7-3(2)8/h1H,(H2,6,7,8,9)",[C][=C][Branch1][=N][C][=Branch1][C][=O][NH1][C][=Branch1][C][=O][NH1][Ring1][Branch2][Cl]
CC(=C)c1ccccc1,"InChI=1S/C9H10/c1-8(2)9-6-4-3-5-7-9/h3-7H,1H2,2H3",[C][C][=Branch1][C][=C][C][=C][C][=C][C][=C][Ring1][=Branch1]
CCC(C)C,"InChI=1S/C5H12/c1-4-5(2)3/h5H,4H2,1-3H3",[C][C][C][Branch1][C][C][C]
CCCCO[N+](=O)[O-],"InChI=1S/C4H9NO3/c1-2-3-4-8-5(6)7/h2-4H2,1H3",[C][C][C][C][O][N+1][=Branch1][C][=O][O-1]
c1ccc(cc1)Br,InChI=1S/C6H5Br/c7-6-4-2-1-3-5-6/h1-5H,[C][=C][C][=C][Branch1][Branch1][C][=C][Ring1][=Branch1][Br]
CC(Cl)(Cl)Cl,"InChI=1S/C2H3Cl3/c1-2(3,4)5/h1H3",[C][C][Branch1][C][Cl][Branch1][C][Cl][Cl]
CC(=C)[C@H]1CCC(=CC1)C=O,"InChI=1S/C10H14O/c1-8(2)10-5-3-9(7-11)4-6-10/h3,7,10H,1,4-6H2,2H3/t10-/m1/s1",[C][C][=Branch1][C][=C][C@H1][C][C][C][=Branch1][Branch1][=C][C][Ring1][=Branch1][C][=O]
Cc1ccccc1[N+](=O)[O-],"InChI=1S/C7H7NO2/c1-6-4-2-3-5-7(6)8(9)10/h2-5H,1H3",[C][C][=C][C][=C][C][=C][Ring1][=Branch1][N+1][=Branch1][C][=O][O-1]
CCCCCCCI,"InChI=1S/C7H15I/c1-2-3-4-5-6-7-8/h2-7H2,1H3",[C][C][C][C][C][C][C][I]
c1cc2ccc3cccc4c3c2c(c1)cc4,InChI=1S/C16H10/c1-3-11-7-9-13-5-2-6-14-10-8-12(4-1)15(11)16(13)14/h1-10H,[C][=C][C][=C][C][=C][C][=C][C][=C][C][Ring1][=Branch1][=C][Ring1][#Branch2][C][=Branch1][Ring2][=C][Ring1][=C][C][=C][Ring1][#Branch1]
CCCCCCl,"InChI=1S/C5H11Cl/c1-2-3-4-5-6/h2-5H2,1H3",[C][C][C][C][C][Cl]
CC(C)COC(=O)C,"InChI=1S/C6H12O2/c1-5(2)4-8-6(3)7/h5H,4H2,1-3H3",[C][C][Branch1][C][C][C][O][C][=Branch1][C][=O][C]
CCC(C)(C)C,"InChI=1S/C6H14/c1-5-6(2,3)4/h5H2,1-4H3",[C][C][C][Branch1][C][C][Branch1][C][C][C]
c1cc(ccc1N)N(=O)=O,"InChI=1S/C6H6N2O2/c7-5-1-3-6(4-2-5)8(9)10/h1-4H,7H2",
COC(=O)CC#N,"InChI=1S/C4H5NO2/c1-7-4(6)2-3-5/h2H2,1H3",[C][O][C][=Branch1][C][=O][C][C][#N]
COc1ccc(cc1)N,"InChI=1S/C7H9NO/c1-9-7-4-2-6(8)3-5-7/h2-5H,8H2,1H3",[C][O][C][=C][C][=C][Branch1][Branch1][C][=C][Ring1][=Branch1][N]
CC(C)Cc1ccccc1,"InChI=1S/C10H14/c1-9(2)8-10-6-4-3-5-7-10/h3-7,9H,8H2,1-2H3",[C][C][Branch1][C][C][C][C][=C][C][=C][C][=C][Ring1][=Branch1]
c1ccc(cc1)c2c(cc(cc2Cl)Cl)Cl,InChI=1S/C12H7Cl3/c13-9-6-10(14)12(11(15)7-9)8-4-2-1-3-5-8/h1-7H,[C][=C][C][=C][Branch1][Branch1][C][=C][Ring1][=Branch1][C][=C][Branch1][O][C][=C][Branch1][=Branch1][C][=C][Ring1][=Branch1][Cl][Cl][Cl]
CN,"InChI=1S/CH5N/c1-2/h2H2,1H3",[C][N]
c1ccc(c(c1)O)Cl,"InChI=1S/C6H5ClO/c7-5-3-1-2-4-6(5)8/h1-4,8H",[C][=C][C][=C][Branch1][Branch2][C][=Branch1][Ring2][=C][Ring1][=Branch1][O][Cl]
c1ccc2c(c1)C(=O)c3ccc(cc3C2=O)N,"InChI=1S/C14H9NO2/c15-8-5-6-11-12(7-8)14(17)10-4-2-1-3-9(10)13(11)16/h1-7H,15H2",[C][=C][C][=C][C][=Branch1][Ring2][=C][Ring1][=Branch1][C][=Branch1][C][=O][C][=C][C][=C][Branch1][=Branch2][C][=C][Ring1][=Branch1][C][Ring1][N][=O][N]
C(=C\Cl)\Cl,InChI=1S/C2H2Cl2/c3-1-2-4/h1-2H/b2-1-,[C][=Branch1][Ring1][=C][\Cl][\Cl]
CCCCC(=O)C,"InChI=1S/C6H12O/c1-3-4-5-6(2)7/h3-5H2,1-2H3",[C][C][C][C][C][=Branch1][C][=O][C]
C(CO[N+](=O)[O-])O[N+](=O)[O-],InChI=1S/C2H4N2O6/c5-3(6)9-1-2-10-4(7)8/h1-2H2,[C][Branch1][Branch2][C][O][N+1][=Branch1][C][=O][O-1][O][N+1][=Branch1][C][=O][O-1]
c1ccc(c(c1)O)F,"InChI=1S/C6H5FO/c7-5-3-1-2-4-6(5)8/h1-4,8H",[C][=C][C][=C][Branch1][Branch2][C][=Branch1][Ring2][=C][Ring1][=Branch1][O][F]
Cc1c(nc(nc1OC(=O)N(C)C)N(C)C)C,InChI=1S/C11H18N4O2/c1-7-8(2)12-10(14(3)4)13-9(7)17-11(16)15(5)6/h1-6H3,[C][C][=C][Branch2][Ring1][Branch2][N][=C][Branch1][#C][N][=C][Ring1][=Branch1][O][C][=Branch1][C][=O][N][Branch1][C][C][C][N][Branch1][C][C][C][C]
C=Cc1ccccc1,"InChI=1S/C8H8/c1-2-8-6-4-3-5-7-8/h2-7H,1H2",[C][=C][C][=C][C][=C][C][=C][Ring1][=Branch1]
CCOP(=O)(OCC)OCC,"InChI=1S/C6H15O4P/c1-4-8-11(7,9-5-2)10-6-3/h4-6H2,1-3H3",[C][C][O][P][=Branch1][C][=O][Branch1][Ring2][O][C][C][O][C][C]
C(C(F)(F)F)O,"InChI=1S/C2H3F3O/c3-2(4,5)1-6/h6H,1H2",[C][Branch1][=Branch2][C][Branch1][C][F][Branch1][C][F][F][O]
CCCCOC[C@H](C)O,"InChI=1S/C7H16O2/c1-3-4-5-9-6-7(2)8/h7-8H,3-6H2,1-2H3/t7-/m0/s1",[C][C][C][C][O][C][C@H1][Branch1][C][C][O]
CCCO,"InChI=1S/C3H8O/c1-2-3-4/h4H,2-3H2,1H3",[C][C][C][O]
Cc1ccccc1C,"InChI=1S/C8H10/c1-7-5-3-4-6-8(7)2/h3-6H,1-2H3",[C][C][=C][C][=C][C][=C][Ring1][=Branch1][C]
CC(C)(C)C,"InChI=1S/C5H12/c1-5(2,3)4/h1-4H3",[C][C][Branch1][C][C][Branch1][C][C][C]
CCCC#C,"InChI=1S/C5H8/c1-3-5-4-2/h1H,4-5H2,2H3",[C][C][C][C][#C]
c1ccc2c(c1)C(=O)NC2=O,"InChI=1S/C8H5NO2/c10-7-5-3-1-2-4-6(5)8(11)9-7/h1-4H,(H,9,10,11)",[C][=C][C][=C][C][=Branch1][Ring2][=C][Ring1][=Branch1][C][=Branch1][C][=O][N][C][Ring1][#Branch1][=O]
CCCCI,"InChI=1S/C4H9I/c1-2-3-4-5/h2-4H2,1H3",[C][C][C][C][I]
Cc1ccc(cc1)O,"InChI=1S/C7H8O/c1-6-2-4-7(8)5-3-6/h2-5,8H,1H3",[C][C][=C][C][=C][Branch1][Branch1][C][=C][Ring1][=Branch1][O]
CC(C)I,"InChI=1S/C3H7I/c1-3(2)4/h3H,1-2H3",[C][C][Branch1][C][C][I]
COc1ccccc1O,"InChI=1S/C7H8O2/c1-9-7-5-3-2-4-6(7)8/h2-5,8H,1H3",[C][O][C][=C][C][=C][C][=C][Ring1][=Branch1][O]
C1CC=CC1,"InChI=1S/C5H8/c1-2-4-5-3-1/h1-2H,3-5H2",[C][C][C][=C][C][Ring1][Branch1]
C[C@H](C(F)(F)F)O,"InChI=1S/C3H5F3O/c1-2(7)3(4,5)6/h2,7H,1H3/t2-/m1/s1",[C][C@H1][Branch1][=Branch2][C][Branch1][C][F][Branch1][C][F][F][O]
CCCN,"InChI=1S/C3H9N/c1-2-3-4/h2-4H2,1H3",[C][C][C][N]
c1ccc(c(c1)[N+](=O)[O-])O,"InChI=1S/C6H5NO3/c8-6-4-2-1-3-5(6)7(9)10/h1-4,8H",[C][=C][C][=C][Branch1][N][C][=Branch1][Ring2][=C][Ring1][=Branch1][N+1][=Branch1][C][=O][O-1][O]
Cc1cccc2c1cccc2,"InChI=1S/C11H10/c1-9-5-4-7-10-6-2-3-8-11(9)10/h2-8H,1H3",[C][C][=C][C][=C][C][=C][Ring1][=Branch1][C][=C][C][=C][Ring1][=Branch1]
c1(c(c(c(c(c1Cl)Cl)Cl)Cl)Cl)Cl,InChI=1S/C6Cl6/c7-1-2(8)4(10)6(12)5(11)3(1)9,[C][=Branch2][Ring1][Branch1][=C][Branch1][P][C][=Branch1][=N][=C][Branch1][=Branch2][C][=Branch1][Branch1][=C][Ring1][=Branch1][Cl][Cl][Cl][Cl][Cl][Cl]
CCCCC/C=C/C=O,"InChI=1S/C8H14O/c1-2-3-4-5-6-7-8-9/h6-8H,2-5H2,1H3/b7-6+",[C][C][C][C][C][/C][=C][/C][=O]
CCCCCCC#C,"InChI=1S/C8H14/c1-3-5-7-8-6-4-2/h1H,4-8H2,2H3",[C][C][C][C][C][C][C][#C]
CCOP(=S)(OCC)Oc1cc(nc(n1)C(C)C)C,"InChI=1S/C12H21N2O3PS/c1-6-15-18(19,16-7-2)17-11-8-10(5)13-12(14-11)9(3)4/h8-9H,6-7H2,1-5H3",[C][C][O][P][=Branch1][C][=S][Branch1][Ring2][O][C][C][O][C][=C][C][=Branch1][=N][=N][C][=Branch1][Ring2][=N][Ring1][=Branch1][C][Branch1][C][C][C][C]
CCCCCCCC(=O)OC,"InChI=1S/C9H18O2/c1-3-4-5-6-7-8-9(10)11-2/h3-8H2,1-2H3",[C][C][C][C][C][C][C][C][=Branch1][C][=O][O][C]
C1CCNC1,"InChI=1S/C4H9N/c1-2-4-5-3-1/h5H,1-4H2",[C][C][C][N][C][Ring1][Branch1]
c1cc(ccc1C=O)O,"InChI=1S/C7H6O2/c8-5-6-1-3-7(9)4-2-6/h1-5,9H",[C][=C][C][=Branch1][Branch2][=C][C][=C][Ring1][=Branch1][C][=O][O]
CCCCCCCCl,"InChI=1S/C7H15Cl/c1-2-3-4-5-6-7-8/h2-7H2,1H3",[C][C][C][C][C][C][C][Cl]
C1COCCO1,InChI=1S/C4H8O2/c1-2-6-4-3-5-1/h1-4H2,[C][C][O][C][C][O][Ring1][=Branch1]
